[debug] [2026-06-24T07:15:46.395Z] ----------------------------------------------------------------------
[debug] [2026-06-24T07:15:46.404Z] Command:       /opt/homebrew/Cellar/node/25.9.0_2/bin/node /opt/homebrew/bin/firebase emulators:start --project demo-cousins
[debug] [2026-06-24T07:15:46.404Z] CLI Version:   15.22.1
[debug] [2026-06-24T07:15:46.404Z] Platform:      darwin
[debug] [2026-06-24T07:15:46.404Z] Node Version:  v25.9.0
[debug] [2026-06-24T07:15:46.404Z] Detected Agent: antigravity
[debug] [2026-06-24T07:15:46.404Z] Time:          Wed Jun 24 2026 12:15:46 GMT+0500 (Pakistan Standard Time)
[debug] [2026-06-24T07:15:46.404Z] ----------------------------------------------------------------------
[debug] 
[debug] [2026-06-24T07:15:46.405Z] >>> [apiv2][query] GET https://firebase-public.firebaseio.com/cli.json [none]
[debug] [2026-06-24T07:15:47.329Z] openjdk version "26.0.1" 2026-04-21

[debug] [2026-06-24T07:15:47.329Z] OpenJDK Runtime Environment Homebrew (build 26.0.1)
OpenJDK 64-Bit Server VM Homebrew (build 26.0.1, mixed mode, sharing)

[debug] [2026-06-24T07:15:47.336Z] Parsed Java major version: 26
[info] i  emulators: Starting emulators: firestore, database, storage {"metadata":{"emulator":{"name":"hub"},"message":"Starting emulators: firestore, database, storage"}}
[info] i  emulators: Detected demo project ID "demo-cousins", emulated services will use a demo configuration and attempts to access non-emulated services for this project will fail. {"metadata":{"emulator":{"name":"hub"},"message":"Detected demo project ID \"demo-cousins\", emulated services will use a demo configuration and attempts to access non-emulated services for this project will fail."}}
[debug] [2026-06-24T07:15:47.602Z] [logging] Logging Emulator only supports listening on one address (127.0.0.1). Not listening on ::1
[debug] [2026-06-24T07:15:47.603Z] [firestore] Firestore Emulator only supports listening on one address (127.0.0.1). Not listening on ::1
[debug] [2026-06-24T07:15:47.603Z] [firestore.websocket] websocket server for firestore only supports listening on one address (127.0.0.1). Not listening on ::1
[debug] [2026-06-24T07:15:47.603Z] [database] Database Emulator only supports listening on one address (127.0.0.1). Not listening on ::1
[debug] [2026-06-24T07:15:47.603Z] [storage] Storage Emulator only supports listening on one address (127.0.0.1). Not listening on ::1
[debug] [2026-06-24T07:15:47.603Z] assigned listening specs for emulators {"user":{"hub":[{"address":"127.0.0.1","family":"IPv4","port":4400},{"address":"::1","family":"IPv6","port":4400}],"ui":[{"address":"127.0.0.1","family":"IPv4","port":4000},{"address":"::1","family":"IPv6","port":4000}],"logging":[{"address":"127.0.0.1","family":"IPv4","port":4500}],"firestore":[{"address":"127.0.0.1","family":"IPv4","port":8080}],"firestore.websocket":[{"address":"127.0.0.1","family":"IPv4","port":9150}],"database":[{"address":"127.0.0.1","family":"IPv4","port":9000}],"storage":[{"address":"127.0.0.1","family":"IPv4","port":9199}]},"metadata":{"message":"assigned listening specs for emulators"}}
[debug] [2026-06-24T07:15:47.607Z] Write emulator hub locator at /var/folders/g2/8n7ng5vd1t533vqrbl0snvqr0000gn/T/hub-demo-cousins.json
[warn] ⚠  firestore: Cloud Firestore Emulator does not support multiple databases yet. {"metadata":{"emulator":{"name":"firestore"},"message":"Cloud Firestore Emulator does not support multiple databases yet."}}
[warn] ⚠  firestore: Did not find a Cloud Firestore rules file specified in a firebase.json config file. {"metadata":{"emulator":{"name":"firestore"},"message":"Did not find a Cloud Firestore rules file specified in a firebase.json config file."}}
[warn] ⚠  firestore: The emulator will default to allowing all reads and writes. Learn more about this option: https://firebase.google.com/docs/emulator-suite/install_and_configure#security_rules_configuration. {"metadata":{"emulator":{"name":"firestore"},"message":"The emulator will default to allowing all reads and writes. Learn more about this option: https://firebase.google.com/docs/emulator-suite/install_and_configure#security_rules_configuration."}}
[info] i  firestore: downloading cloud-firestore-emulator-v1.21.0.jar... {"metadata":{"emulator":{"name":"firestore"},"message":"downloading cloud-firestore-emulator-v1.21.0.jar..."}}
[debug] [2026-06-24T07:15:47.613Z] >>> [apiv2][query] GET https://storage.googleapis.com/firebase-preview-drop/emulator/cloud-firestore-emulator-v1.21.0.jar 
[debug] [2026-06-24T07:15:47.895Z] <<< [apiv2][status] GET https://firebase-public.firebaseio.com/cli.json 200
[debug] [2026-06-24T07:15:47.895Z] <<< [apiv2][body] GET https://firebase-public.firebaseio.com/cli.json {"cloudBuildErrorAfter":1594252800000,"cloudBuildWarnAfter":1590019200000,"defaultNode10After":1594252800000,"minVersion":"3.0.5","node8DeploysDisabledAfter":1613390400000,"node8RuntimeDisabledAfter":1615809600000,"node8WarnAfter":1600128000000}
[debug] [2026-06-24T07:15:52.540Z] <<< [apiv2][status] GET https://storage.googleapis.com/firebase-preview-drop/emulator/cloud-firestore-emulator-v1.21.0.jar 200
[debug] [2026-06-24T07:15:52.541Z] <<< [apiv2][body] GET https://storage.googleapis.com/firebase-preview-drop/emulator/cloud-firestore-emulator-v1.21.0.jar [stream]
[debug] [2026-06-24T07:16:17.404Z] Ignoring unsupported arg: auto_download {"metadata":{"emulator":{"name":"firestore"},"message":"Ignoring unsupported arg: auto_download"}}
[debug] [2026-06-24T07:16:17.414Z] Ignoring unsupported arg: single_project_mode_error {"metadata":{"emulator":{"name":"firestore"},"message":"Ignoring unsupported arg: single_project_mode_error"}}
[debug] [2026-06-24T07:16:17.414Z] Starting Firestore Emulator with command {"binary":"java","args":["-Dgoogle.cloud_firestore.debug_log_level=FINE","-Duser.language=en","-jar","/Users/daniyalhabib/.cache/firebase/emulators/cloud-firestore-emulator-v1.21.0.jar","--host","127.0.0.1","--port",8080,"--websocket_port",9150,"--database-edition","standard","--project_id","demo-cousins","--single_project_mode",true],"optionalArgs":["port","webchannel_port","host","rules","websocket_port","database-edition","functions_emulator","seed_from_export","project_id","single_project_mode"],"joinArgs":false,"shell":false,"port":8080} {"metadata":{"emulator":{"name":"firestore"},"message":"Starting Firestore Emulator with command {\"binary\":\"java\",\"args\":[\"-Dgoogle.cloud_firestore.debug_log_level=FINE\",\"-Duser.language=en\",\"-jar\",\"/Users/daniyalhabib/.cache/firebase/emulators/cloud-firestore-emulator-v1.21.0.jar\",\"--host\",\"127.0.0.1\",\"--port\",8080,\"--websocket_port\",9150,\"--database-edition\",\"standard\",\"--project_id\",\"demo-cousins\",\"--single_project_mode\",true],\"optionalArgs\":[\"port\",\"webchannel_port\",\"host\",\"rules\",\"websocket_port\",\"database-edition\",\"functions_emulator\",\"seed_from_export\",\"project_id\",\"single_project_mode\"],\"joinArgs\":false,\"shell\":false,\"port\":8080}"}}
[info] i  firestore: Firestore Emulator logging to firestore-debug.log {"metadata":{"emulator":{"name":"firestore"},"message":"Firestore Emulator logging to firestore-debug.log"}}
[debug] [2026-06-24T07:16:17.769Z] WARNING: A terminally deprecated method in sun.misc.Unsafe has been called
WARNING: sun.misc.Unsafe::allocateMemory has been called by io.netty.util.internal.PlatformDependent0$2 (file:/Users/daniyalhabib/.cache/firebase/emulators/cloud-firestore-emulator-v1.21.0.jar)
WARNING: Please consider reporting this to the maintainers of class io.netty.util.internal.PlatformDependent0$2
WARNING: sun.misc.Unsafe::allocateMemory will be removed in a future release
 {"metadata":{"emulator":{"name":"firestore"},"message":"WARNING: A terminally deprecated method in sun.misc.Unsafe has been called\nWARNING: sun.misc.Unsafe::allocateMemory has been called by io.netty.util.internal.PlatformDependent0$2 (file:/Users/daniyalhabib/.cache/firebase/emulators/cloud-firestore-emulator-v1.21.0.jar)\nWARNING: Please consider reporting this to the maintainers of class io.netty.util.internal.PlatformDependent0$2\nWARNING: sun.misc.Unsafe::allocateMemory will be removed in a future release\n"}}
[debug] [2026-06-24T07:16:18.242Z] Jun 24, 2026 12:16:18 PM com.google.cloud.datastore.emulator.firestore.websocket.WebSocketServer start
INFO: Started WebSocket server on ws://127.0.0.1:9150
 {"metadata":{"emulator":{"name":"firestore"},"message":"Jun 24, 2026 12:16:18 PM com.google.cloud.datastore.emulator.firestore.websocket.WebSocketServer start\nINFO: Started WebSocket server on ws://127.0.0.1:9150\n"}}
[debug] [2026-06-24T07:16:18.253Z] 
API endpoint: http://127.0.0.1:8080
 {"metadata":{"emulator":{"name":"firestore"},"message":"\nAPI endpoint: http://127.0.0.1:8080\n"}}
[debug] [2026-06-24T07:16:18.254Z] Database Edition: STANDARD
Database Mode: CLOUD_FIRESTORE

If you are using a library that supports the FIRESTORE_EMULATOR_HOST environment variable, run:

   export FIRESTORE_EMULATOR_HOST=127.0.0.1:8080

If you are running a Firestore in Datastore Mode project, run:

   export DATASTORE_EMULATOR_HOST=127.0.0.1:8080

Note: Support for Datastore Mode is in preview. If you encounter any bugs please file at https://github.com/firebase/firebase-tools/issues.
Dev App Server is now running.

 {"metadata":{"emulator":{"name":"firestore"},"message":"Database Edition: STANDARD\nDatabase Mode: CLOUD_FIRESTORE\n\nIf you are using a library that supports the FIRESTORE_EMULATOR_HOST environment variable, run:\n\n   export FIRESTORE_EMULATOR_HOST=127.0.0.1:8080\n\nIf you are running a Firestore in Datastore Mode project, run:\n\n   export DATASTORE_EMULATOR_HOST=127.0.0.1:8080\n\nNote: Support for Datastore Mode is in preview. If you encounter any bugs please file at https://github.com/firebase/firebase-tools/issues.\nDev App Server is now running.\n\n"}}
[info] ✔  firestore: Firestore Emulator was started in standard edition. {"metadata":{"emulator":{"name":"firestore"},"message":"Firestore Emulator was started in standard edition."}}
[info] ✔  firestore: Firestore Emulator UI websocket is running on 9150. {"metadata":{"emulator":{"name":"firestore"},"message":"Firestore Emulator UI websocket is running on 9150."}}
[debug] [2026-06-24T07:16:18.440Z] No OAuth tokens found
[debug] [2026-06-24T07:16:18.441Z] No OAuth tokens found
[debug] [2026-06-24T07:16:18.441Z] Unable to refresh auth: not yet authenticated.
[debug] [2026-06-24T07:16:18.442Z] Failed to retrieve default database instance: Failed to get Firebase project demo-cousins. Please make sure the project exists and your account has permission to access it. {"metadata":{"emulator":{"name":"database"},"message":"Failed to retrieve default database instance: Failed to get Firebase project demo-cousins. Please make sure the project exists and your account has permission to access it."}}
[debug] [2026-06-24T07:16:18.442Z] database rules config:  []
[warn] ⚠  database: Did not find a Realtime Database rules file specified in a firebase.json config file. The emulator will default to allowing all reads and writes. Learn more about this option: https://firebase.google.com/docs/emulator-suite/install_and_configure#security_rules_configuration. {"metadata":{"emulator":{"name":"database"},"message":"Did not find a Realtime Database rules file specified in a firebase.json config file. The emulator will default to allowing all reads and writes. Learn more about this option: https://firebase.google.com/docs/emulator-suite/install_and_configure#security_rules_configuration."}}
[info] i  database: downloading firebase-database-emulator-v4.11.2.jar... {"metadata":{"emulator":{"name":"database"},"message":"downloading firebase-database-emulator-v4.11.2.jar..."}}
[debug] [2026-06-24T07:16:18.452Z] >>> [apiv2][query] GET https://storage.googleapis.com/firebase-preview-drop/emulator/firebase-database-emulator-v4.11.2.jar 
[debug] [2026-06-24T07:16:19.275Z] <<< [apiv2][status] GET https://storage.googleapis.com/firebase-preview-drop/emulator/firebase-database-emulator-v4.11.2.jar 200
[debug] [2026-06-24T07:16:19.275Z] <<< [apiv2][body] GET https://storage.googleapis.com/firebase-preview-drop/emulator/firebase-database-emulator-v4.11.2.jar [stream]
[debug] [2026-06-24T07:16:26.367Z] Ignoring unsupported arg: projectId {"metadata":{"emulator":{"name":"database"},"message":"Ignoring unsupported arg: projectId"}}
[debug] [2026-06-24T07:16:26.382Z] Ignoring unsupported arg: auto_download {"metadata":{"emulator":{"name":"database"},"message":"Ignoring unsupported arg: auto_download"}}
[debug] [2026-06-24T07:16:26.383Z] Ignoring unsupported arg: rules {"metadata":{"emulator":{"name":"database"},"message":"Ignoring unsupported arg: rules"}}
[debug] [2026-06-24T07:16:26.383Z] Starting Database Emulator with command {"binary":"java","args":["-Duser.language=en","-jar","/Users/daniyalhabib/.cache/firebase/emulators/firebase-database-emulator-v4.11.2.jar","--host","127.0.0.1","--port",9000,"--single_project_mode","Warning"],"optionalArgs":["port","host","functions_emulator_port","functions_emulator_host","single_project_mode"],"joinArgs":false,"shell":false,"port":9000} {"metadata":{"emulator":{"name":"database"},"message":"Starting Database Emulator with command {\"binary\":\"java\",\"args\":[\"-Duser.language=en\",\"-jar\",\"/Users/daniyalhabib/.cache/firebase/emulators/firebase-database-emulator-v4.11.2.jar\",\"--host\",\"127.0.0.1\",\"--port\",9000,\"--single_project_mode\",\"Warning\"],\"optionalArgs\":[\"port\",\"host\",\"functions_emulator_port\",\"functions_emulator_host\",\"single_project_mode\"],\"joinArgs\":false,\"shell\":false,\"port\":9000}"}}
[info] i  database: Database Emulator logging to database-debug.log {"metadata":{"emulator":{"name":"database"},"message":"Database Emulator logging to database-debug.log"}}
[debug] [2026-06-24T07:16:28.003Z] WARNING: A terminally deprecated method in sun.misc.Unsafe has been called
WARNING: sun.misc.Unsafe::objectFieldOffset has been called by akka.util.Unsafe (file:/Users/daniyalhabib/.cache/firebase/emulators/firebase-database-emulator-v4.11.2.jar)
WARNING: Please consider reporting this to the maintainers of class akka.util.Unsafe
WARNING: sun.misc.Unsafe::objectFieldOffset will be removed in a future release
 {"metadata":{"emulator":{"name":"database"},"message":"WARNING: A terminally deprecated method in sun.misc.Unsafe has been called\nWARNING: sun.misc.Unsafe::objectFieldOffset has been called by akka.util.Unsafe (file:/Users/daniyalhabib/.cache/firebase/emulators/firebase-database-emulator-v4.11.2.jar)\nWARNING: Please consider reporting this to the maintainers of class akka.util.Unsafe\nWARNING: sun.misc.Unsafe::objectFieldOffset will be removed in a future release\n"}}
[debug] [2026-06-24T07:16:28.087Z] 12:16:28.085 [NamespaceSystem-akka.actor.default-dispatcher-4] INFO akka.event.slf4j.Slf4jLogger - Slf4jLogger started
 {"metadata":{"emulator":{"name":"database"},"message":"12:16:28.085 [NamespaceSystem-akka.actor.default-dispatcher-4] INFO akka.event.slf4j.Slf4jLogger - Slf4jLogger started\n"}}
[debug] [2026-06-24T07:16:28.240Z] 12:16:28.240 [main] INFO com.firebase.server.forge.App$ - Listening at 127.0.0.1:9000
 {"metadata":{"emulator":{"name":"database"},"message":"12:16:28.240 [main] INFO com.firebase.server.forge.App$ - Listening at 127.0.0.1:9000\n"}}
[info] i  storage: Detected demo project ID "demo-cousins", using a default (open) rules configuration. {"metadata":{"emulator":{"name":"storage"},"message":"Detected demo project ID \"demo-cousins\", using a default (open) rules configuration."}}
[info] i  storage: downloading cloud-storage-rules-runtime-v1.1.3.jar... {"metadata":{"emulator":{"name":"storage"},"message":"downloading cloud-storage-rules-runtime-v1.1.3.jar..."}}
[debug] [2026-06-24T07:16:29.282Z] >>> [apiv2][query] GET https://storage.googleapis.com/firebase-preview-drop/emulator/cloud-storage-rules-runtime-v1.1.3.jar 
[debug] [2026-06-24T07:16:30.109Z] <<< [apiv2][status] GET https://storage.googleapis.com/firebase-preview-drop/emulator/cloud-storage-rules-runtime-v1.1.3.jar 200
[debug] [2026-06-24T07:16:30.109Z] <<< [apiv2][body] GET https://storage.googleapis.com/firebase-preview-drop/emulator/cloud-storage-rules-runtime-v1.1.3.jar [stream]
[debug] [2026-06-24T08:42:41.011Z] Jun 24, 2026 1:42:40 PM io.gapi.emulators.netty.HttpVersionRoutingHandler channelRead
INFO: Detected non-HTTP/2 connection.
 {"metadata":{"emulator":{"name":"firestore"},"message":"Jun 24, 2026 1:42:40 PM io.gapi.emulators.netty.HttpVersionRoutingHandler channelRead\nINFO: Detected non-HTTP/2 connection.\n"}}
[debug] [2026-06-24T08:42:41.312Z] Multiple projectIds are not recommended in single project mode. Requested project ID cousins-party-2, but the emulator is configured for demo-cousins. To opt-out of single project mode add/set the '"singleProjectMode": false' property in the firebase.json emulators config.
 {"metadata":{"emulator":{"name":"firestore"},"message":"Multiple projectIds are not recommended in single project mode. Requested project ID cousins-party-2, but the emulator is configured for demo-cousins. To opt-out of single project mode add/set the '\"singleProjectMode\": false' property in the firebase.json emulators config.\n"}}
[debug] [2026-06-24T08:42:41.860Z] Multiple projectIds are not recommended in single project mode. Requested project ID cousins-party-2, but the emulator is configured for demo-cousins. To opt-out of single project mode add/set the '"singleProjectMode": false' property in the firebase.json emulators config.
 {"metadata":{"emulator":{"name":"firestore"},"message":"Multiple projectIds are not recommended in single project mode. Requested project ID cousins-party-2, but the emulator is configured for demo-cousins. To opt-out of single project mode add/set the '\"singleProjectMode\": false' property in the firebase.json emulators config.\n"}}
[debug] [2026-06-24T08:42:42.213Z] Jun 24, 2026 1:42:42 PM io.gapi.emulators.netty.HttpVersionRoutingHandler channelRead
INFO: Detected non-HTTP/2 connection.
 {"metadata":{"emulator":{"name":"firestore"},"message":"Jun 24, 2026 1:42:42 PM io.gapi.emulators.netty.HttpVersionRoutingHandler channelRead\nINFO: Detected non-HTTP/2 connection.\n"}}
[debug] [2026-06-24T08:42:42.296Z] Jun 24, 2026 1:42:42 PM io.gapi.emulators.netty.HttpVersionRoutingHandler channelRead
INFO: Detected non-HTTP/2 connection.
 {"metadata":{"emulator":{"name":"firestore"},"message":"Jun 24, 2026 1:42:42 PM io.gapi.emulators.netty.HttpVersionRoutingHandler channelRead\nINFO: Detected non-HTTP/2 connection.\n"}}
[debug] [2026-06-24T08:42:42.300Z] Multiple projectIds are not recommended in single project mode. Requested project ID cousins-party-2, but the emulator is configured for demo-cousins. To opt-out of single project mode add/set the '"singleProjectMode": false' property in the firebase.json emulators config.
 {"metadata":{"emulator":{"name":"firestore"},"message":"Multiple projectIds are not recommended in single project mode. Requested project ID cousins-party-2, but the emulator is configured for demo-cousins. To opt-out of single project mode add/set the '\"singleProjectMode\": false' property in the firebase.json emulators config.\n"}}
[debug] [2026-06-24T08:42:42.301Z] Multiple projectIds are not recommended in single project mode. Requested project ID cousins-party-2, but the emulator is configured for demo-cousins. To opt-out of single project mode add/set the '"singleProjectMode": false' property in the firebase.json emulators config.
 {"metadata":{"emulator":{"name":"firestore"},"message":"Multiple projectIds are not recommended in single project mode. Requested project ID cousins-party-2, but the emulator is configured for demo-cousins. To opt-out of single project mode add/set the '\"singleProjectMode\": false' property in the firebase.json emulators config.\n"}}
[debug] [2026-06-24T08:42:42.316Z] Jun 24, 2026 1:42:42 PM io.gapi.emulators.netty.HttpVersionRoutingHandler channelRead
INFO: Detected non-HTTP/2 connection.
 {"metadata":{"emulator":{"name":"firestore"},"message":"Jun 24, 2026 1:42:42 PM io.gapi.emulators.netty.HttpVersionRoutingHandler channelRead\nINFO: Detected non-HTTP/2 connection.\n"}}
[debug] [2026-06-24T08:42:42.468Z] Jun 24, 2026 1:42:42 PM io.gapi.emulators.netty.HttpVersionRoutingHandler channelRead
INFO: Detected non-HTTP/2 connection.
 {"metadata":{"emulator":{"name":"firestore"},"message":"Jun 24, 2026 1:42:42 PM io.gapi.emulators.netty.HttpVersionRoutingHandler channelRead\nINFO: Detected non-HTTP/2 connection.\n"}}
[debug] [2026-06-24T08:42:58.435Z] Jun 24, 2026 1:42:58 PM io.gapi.emulators.netty.HttpVersionRoutingHandler channelRead
INFO: Detected non-HTTP/2 connection.
 {"metadata":{"emulator":{"name":"firestore"},"message":"Jun 24, 2026 1:42:58 PM io.gapi.emulators.netty.HttpVersionRoutingHandler channelRead\nINFO: Detected non-HTTP/2 connection.\n"}}
[debug] [2026-06-24T08:42:58.501Z] Jun 24, 2026 1:42:58 PM io.gapi.emulators.netty.HttpVersionRoutingHandler channelRead
INFO: Detected non-HTTP/2 connection.
 {"metadata":{"emulator":{"name":"firestore"},"message":"Jun 24, 2026 1:42:58 PM io.gapi.emulators.netty.HttpVersionRoutingHandler channelRead\nINFO: Detected non-HTTP/2 connection.\n"}}
[debug] [2026-06-24T08:42:59.397Z] Jun 24, 2026 1:42:59 PM io.gapi.emulators.netty.HttpVersionRoutingHandler channelRead
INFO: Detected non-HTTP/2 connection.
 {"metadata":{"emulator":{"name":"firestore"},"message":"Jun 24, 2026 1:42:59 PM io.gapi.emulators.netty.HttpVersionRoutingHandler channelRead\nINFO: Detected non-HTTP/2 connection.\n"}}
[debug] [2026-06-24T08:42:59.454Z] Jun 24, 2026 1:42:59 PM io.gapi.emulators.netty.HttpVersionRoutingHandler channelRead
INFO: Detected non-HTTP/2 connection.
 {"metadata":{"emulator":{"name":"firestore"},"message":"Jun 24, 2026 1:42:59 PM io.gapi.emulators.netty.HttpVersionRoutingHandler channelRead\nINFO: Detected non-HTTP/2 connection.\n"}}
[debug] [2026-06-24T08:42:59.457Z] Jun 24, 2026 1:42:59 PM io.gapi.emulators.netty.HttpVersionRoutingHandler channelRead
INFO: Detected non-HTTP/2 connection.
 {"metadata":{"emulator":{"name":"firestore"},"message":"Jun 24, 2026 1:42:59 PM io.gapi.emulators.netty.HttpVersionRoutingHandler channelRead\nINFO: Detected non-HTTP/2 connection.\n"}}
[debug] [2026-06-24T08:43:01.045Z] 13:43:01.040 [NamespaceSystem-akka.actor.default-dispatcher-5] INFO com.firebase.core.namespace.NamespaceActor - cousins-party-2-default-rtdb successfully activated FBKV (SurveyIdle(0)) wait: 150ms, init: 0ms
 {"metadata":{"emulator":{"name":"database"},"message":"13:43:01.040 [NamespaceSystem-akka.actor.default-dispatcher-5] INFO com.firebase.core.namespace.NamespaceActor - cousins-party-2-default-rtdb successfully activated FBKV (SurveyIdle(0)) wait: 150ms, init: 0ms\n"}}
[debug] [2026-06-24T08:43:04.220Z] Jun 24, 2026 1:43:04 PM io.gapi.emulators.netty.HttpVersionRoutingHandler channelRead
INFO: Detected non-HTTP/2 connection.
 {"metadata":{"emulator":{"name":"firestore"},"message":"Jun 24, 2026 1:43:04 PM io.gapi.emulators.netty.HttpVersionRoutingHandler channelRead\nINFO: Detected non-HTTP/2 connection.\n"}}
[debug] [2026-06-24T08:43:04.255Z] Jun 24, 2026 1:43:04 PM io.gapi.emulators.netty.HttpVersionRoutingHandler channelRead
INFO: Detected non-HTTP/2 connection.
 {"metadata":{"emulator":{"name":"firestore"},"message":"Jun 24, 2026 1:43:04 PM io.gapi.emulators.netty.HttpVersionRoutingHandler channelRead\nINFO: Detected non-HTTP/2 connection.\n"}}
[debug] [2026-06-24T08:43:29.533Z] Jun 24, 2026 1:43:29 PM io.gapi.emulators.netty.HttpVersionRoutingHandler channelRead
INFO: Detected non-HTTP/2 connection.
 {"metadata":{"emulator":{"name":"firestore"},"message":"Jun 24, 2026 1:43:29 PM io.gapi.emulators.netty.HttpVersionRoutingHandler channelRead\nINFO: Detected non-HTTP/2 connection.\n"}}
[debug] [2026-06-24T08:43:53.191Z] Jun 24, 2026 1:43:53 PM io.gapi.emulators.netty.HttpVersionRoutingHandler channelRead
INFO: Detected non-HTTP/2 connection.
 {"metadata":{"emulator":{"name":"firestore"},"message":"Jun 24, 2026 1:43:53 PM io.gapi.emulators.netty.HttpVersionRoutingHandler channelRead\nINFO: Detected non-HTTP/2 connection.\n"}}
[debug] [2026-06-24T08:43:53.335Z] Multiple projectIds are not recommended in single project mode. Requested project ID cousins-party-2, but the emulator is configured for demo-cousins. To opt-out of single project mode add/set the '"singleProjectMode": false' property in the firebase.json emulators config.
 {"metadata":{"emulator":{"name":"firestore"},"message":"Multiple projectIds are not recommended in single project mode. Requested project ID cousins-party-2, but the emulator is configured for demo-cousins. To opt-out of single project mode add/set the '\"singleProjectMode\": false' property in the firebase.json emulators config.\n"}}
[debug] [2026-06-24T08:43:53.338Z] Multiple projectIds are not recommended in single project mode. Requested project ID cousins-party-2, but the emulator is configured for demo-cousins. To opt-out of single project mode add/set the '"singleProjectMode": false' property in the firebase.json emulators config.
 {"metadata":{"emulator":{"name":"firestore"},"message":"Multiple projectIds are not recommended in single project mode. Requested project ID cousins-party-2, but the emulator is configured for demo-cousins. To opt-out of single project mode add/set the '\"singleProjectMode\": false' property in the firebase.json emulators config.\n"}}
[debug] [2026-06-24T08:43:53.443Z] Jun 24, 2026 1:43:53 PM io.gapi.emulators.netty.HttpVersionRoutingHandler channelRead
INFO: Detected non-HTTP/2 connection.
 {"metadata":{"emulator":{"name":"firestore"},"message":"Jun 24, 2026 1:43:53 PM io.gapi.emulators.netty.HttpVersionRoutingHandler channelRead\nINFO: Detected non-HTTP/2 connection.\n"}}
[debug] [2026-06-24T08:43:54.607Z] Jun 24, 2026 1:43:54 PM io.gapi.emulators.netty.HttpVersionRoutingHandler channelRead
INFO: Detected non-HTTP/2 connection.
 {"metadata":{"emulator":{"name":"firestore"},"message":"Jun 24, 2026 1:43:54 PM io.gapi.emulators.netty.HttpVersionRoutingHandler channelRead\nINFO: Detected non-HTTP/2 connection.\n"}}
[debug] [2026-06-24T08:43:54.639Z] Multiple projectIds are not recommended in single project mode. Requested project ID cousins-party-2, but the emulator is configured for demo-cousins. To opt-out of single project mode add/set the '"singleProjectMode": false' property in the firebase.json emulators config.
 {"metadata":{"emulator":{"name":"firestore"},"message":"Multiple projectIds are not recommended in single project mode. Requested project ID cousins-party-2, but the emulator is configured for demo-cousins. To opt-out of single project mode add/set the '\"singleProjectMode\": false' property in the firebase.json emulators config.\n"}}
[debug] [2026-06-24T08:43:54.641Z] Multiple projectIds are not recommended in single project mode. Requested project ID cousins-party-2, but the emulator is configured for demo-cousins. To opt-out of single project mode add/set the '"singleProjectMode": false' property in the firebase.json emulators config.
 {"metadata":{"emulator":{"name":"firestore"},"message":"Multiple projectIds are not recommended in single project mode. Requested project ID cousins-party-2, but the emulator is configured for demo-cousins. To opt-out of single project mode add/set the '\"singleProjectMode\": false' property in the firebase.json emulators config.\n"}}
[debug] [2026-06-24T08:43:54.676Z] Jun 24, 2026 1:43:54 PM io.gapi.emulators.netty.HttpVersionRoutingHandler channelRead
INFO: Detected non-HTTP/2 connection.
 {"metadata":{"emulator":{"name":"firestore"},"message":"Jun 24, 2026 1:43:54 PM io.gapi.emulators.netty.HttpVersionRoutingHandler channelRead\nINFO: Detected non-HTTP/2 connection.\n"}}
[debug] [2026-06-24T08:43:56.297Z] Jun 24, 2026 1:43:56 PM io.gapi.emulators.netty.HttpVersionRoutingHandler channelRead
INFO: Detected non-HTTP/2 connection.
 {"metadata":{"emulator":{"name":"firestore"},"message":"Jun 24, 2026 1:43:56 PM io.gapi.emulators.netty.HttpVersionRoutingHandler channelRead\nINFO: Detected non-HTTP/2 connection.\n"}}
[debug] [2026-06-24T08:43:56.322Z] Multiple projectIds are not recommended in single project mode. Requested project ID cousins-party-2, but the emulator is configured for demo-cousins. To opt-out of single project mode add/set the '"singleProjectMode": false' property in the firebase.json emulators config.
 {"metadata":{"emulator":{"name":"firestore"},"message":"Multiple projectIds are not recommended in single project mode. Requested project ID cousins-party-2, but the emulator is configured for demo-cousins. To opt-out of single project mode add/set the '\"singleProjectMode\": false' property in the firebase.json emulators config.\n"}}
[debug] [2026-06-24T08:43:56.325Z] Multiple projectIds are not recommended in single project mode. Requested project ID cousins-party-2, but the emulator is configured for demo-cousins. To opt-out of single project mode add/set the '"singleProjectMode": false' property in the firebase.json emulators config.
 {"metadata":{"emulator":{"name":"firestore"},"message":"Multiple projectIds are not recommended in single project mode. Requested project ID cousins-party-2, but the emulator is configured for demo-cousins. To opt-out of single project mode add/set the '\"singleProjectMode\": false' property in the firebase.json emulators config.\n"}}
[debug] [2026-06-24T08:43:56.379Z] Jun 24, 2026 1:43:56 PM io.gapi.emulators.netty.HttpVersionRoutingHandler channelRead
INFO: Detected non-HTTP/2 connection.
 {"metadata":{"emulator":{"name":"firestore"},"message":"Jun 24, 2026 1:43:56 PM io.gapi.emulators.netty.HttpVersionRoutingHandler channelRead\nINFO: Detected non-HTTP/2 connection.\n"}}
[debug] [2026-06-24T08:43:56.545Z] Jun 24, 2026 1:43:56 PM io.gapi.emulators.netty.HttpVersionRoutingHandler channelRead
INFO: Detected non-HTTP/2 connection.
 {"metadata":{"emulator":{"name":"firestore"},"message":"Jun 24, 2026 1:43:56 PM io.gapi.emulators.netty.HttpVersionRoutingHandler channelRead\nINFO: Detected non-HTTP/2 connection.\n"}}
[debug] [2026-06-24T08:43:56.852Z] Jun 24, 2026 1:43:56 PM io.gapi.emulators.netty.HttpVersionRoutingHandler channelRead
INFO: Detected non-HTTP/2 connection.
 {"metadata":{"emulator":{"name":"firestore"},"message":"Jun 24, 2026 1:43:56 PM io.gapi.emulators.netty.HttpVersionRoutingHandler channelRead\nINFO: Detected non-HTTP/2 connection.\n"}}
[debug] [2026-06-24T08:43:57.552Z] Jun 24, 2026 1:43:57 PM io.gapi.emulators.netty.HttpVersionRoutingHandler channelRead
INFO: Detected non-HTTP/2 connection.
 {"metadata":{"emulator":{"name":"firestore"},"message":"Jun 24, 2026 1:43:57 PM io.gapi.emulators.netty.HttpVersionRoutingHandler channelRead\nINFO: Detected non-HTTP/2 connection.\n"}}
[debug] [2026-06-24T08:43:58.526Z] Jun 24, 2026 1:43:58 PM io.gapi.emulators.netty.HttpVersionRoutingHandler channelRead
INFO: Detected non-HTTP/2 connection.
 {"metadata":{"emulator":{"name":"firestore"},"message":"Jun 24, 2026 1:43:58 PM io.gapi.emulators.netty.HttpVersionRoutingHandler channelRead\nINFO: Detected non-HTTP/2 connection.\n"}}
[debug] [2026-06-24T08:43:58.549Z] Multiple projectIds are not recommended in single project mode. Requested project ID cousins-party-2, but the emulator is configured for demo-cousins. To opt-out of single project mode add/set the '"singleProjectMode": false' property in the firebase.json emulators config.
 {"metadata":{"emulator":{"name":"firestore"},"message":"Multiple projectIds are not recommended in single project mode. Requested project ID cousins-party-2, but the emulator is configured for demo-cousins. To opt-out of single project mode add/set the '\"singleProjectMode\": false' property in the firebase.json emulators config.\n"}}
[debug] [2026-06-24T08:43:58.556Z] Multiple projectIds are not recommended in single project mode. Requested project ID cousins-party-2, but the emulator is configured for demo-cousins. To opt-out of single project mode add/set the '"singleProjectMode": false' property in the firebase.json emulators config.
 {"metadata":{"emulator":{"name":"firestore"},"message":"Multiple projectIds are not recommended in single project mode. Requested project ID cousins-party-2, but the emulator is configured for demo-cousins. To opt-out of single project mode add/set the '\"singleProjectMode\": false' property in the firebase.json emulators config.\n"}}
[debug] [2026-06-24T08:43:58.588Z] Jun 24, 2026 1:43:58 PM io.gapi.emulators.netty.HttpVersionRoutingHandler channelRead
INFO: Detected non-HTTP/2 connection.
 {"metadata":{"emulator":{"name":"firestore"},"message":"Jun 24, 2026 1:43:58 PM io.gapi.emulators.netty.HttpVersionRoutingHandler channelRead\nINFO: Detected non-HTTP/2 connection.\n"}}
[debug] [2026-06-24T08:43:58.656Z] Jun 24, 2026 1:43:58 PM io.gapi.emulators.netty.HttpVersionRoutingHandler channelRead
INFO: Detected non-HTTP/2 connection.
 {"metadata":{"emulator":{"name":"firestore"},"message":"Jun 24, 2026 1:43:58 PM io.gapi.emulators.netty.HttpVersionRoutingHandler channelRead\nINFO: Detected non-HTTP/2 connection.\n"}}
[debug] [2026-06-24T08:44:12.004Z] Jun 24, 2026 1:44:11 PM io.gapi.emulators.netty.HttpVersionRoutingHandler channelRead
INFO: Detected non-HTTP/2 connection.
 {"metadata":{"emulator":{"name":"firestore"},"message":"Jun 24, 2026 1:44:11 PM io.gapi.emulators.netty.HttpVersionRoutingHandler channelRead\nINFO: Detected non-HTTP/2 connection.\n"}}
[debug] [2026-06-24T08:44:15.020Z] Jun 24, 2026 1:44:15 PM io.gapi.emulators.netty.HttpVersionRoutingHandler channelRead
INFO: Detected non-HTTP/2 connection.
 {"metadata":{"emulator":{"name":"firestore"},"message":"Jun 24, 2026 1:44:15 PM io.gapi.emulators.netty.HttpVersionRoutingHandler channelRead\nINFO: Detected non-HTTP/2 connection.\n"}}
[debug] [2026-06-24T08:44:15.026Z] Jun 24, 2026 1:44:15 PM io.gapi.emulators.netty.HttpVersionRoutingHandler channelRead
INFO: Detected non-HTTP/2 connection.
 {"metadata":{"emulator":{"name":"firestore"},"message":"Jun 24, 2026 1:44:15 PM io.gapi.emulators.netty.HttpVersionRoutingHandler channelRead\nINFO: Detected non-HTTP/2 connection.\n"}}
[debug] [2026-06-24T08:44:16.760Z] Jun 24, 2026 1:44:16 PM io.gapi.emulators.netty.HttpVersionRoutingHandler channelRead
INFO: Detected non-HTTP/2 connection.
 {"metadata":{"emulator":{"name":"firestore"},"message":"Jun 24, 2026 1:44:16 PM io.gapi.emulators.netty.HttpVersionRoutingHandler channelRead\nINFO: Detected non-HTTP/2 connection.\n"}}
[debug] [2026-06-24T08:44:16.786Z] Jun 24, 2026 1:44:16 PM io.gapi.emulators.netty.HttpVersionRoutingHandler channelRead
INFO: Detected non-HTTP/2 connection.
Jun 24, 2026 1:44:16 PM io.gapi.emulators.netty.HttpVersionRoutingHandler channelRead
INFO: Detected non-HTTP/2 connection.
 {"metadata":{"emulator":{"name":"firestore"},"message":"Jun 24, 2026 1:44:16 PM io.gapi.emulators.netty.HttpVersionRoutingHandler channelRead\nINFO: Detected non-HTTP/2 connection.\nJun 24, 2026 1:44:16 PM io.gapi.emulators.netty.HttpVersionRoutingHandler channelRead\nINFO: Detected non-HTTP/2 connection.\n"}}
[debug] [2026-06-24T08:44:16.790Z] Multiple projectIds are not recommended in single project mode. Requested project ID cousins-party-2, but the emulator is configured for demo-cousins. To opt-out of single project mode add/set the '"singleProjectMode": false' property in the firebase.json emulators config.
Multiple projectIds are not recommended in single project mode. Requested project ID cousins-party-2, but the emulator is configured for demo-cousins. To opt-out of single project mode add/set the '"singleProjectMode": false' property in the firebase.json emulators config.
 {"metadata":{"emulator":{"name":"firestore"},"message":"Multiple projectIds are not recommended in single project mode. Requested project ID cousins-party-2, but the emulator is configured for demo-cousins. To opt-out of single project mode add/set the '\"singleProjectMode\": false' property in the firebase.json emulators config.\nMultiple projectIds are not recommended in single project mode. Requested project ID cousins-party-2, but the emulator is configured for demo-cousins. To opt-out of single project mode add/set the '\"singleProjectMode\": false' property in the firebase.json emulators config.\n"}}
[debug] [2026-06-24T08:44:16.793Z] Jun 24, 2026 1:44:16 PM io.gapi.emulators.netty.HttpVersionRoutingHandler channelRead
INFO: Detected non-HTTP/2 connection.
 {"metadata":{"emulator":{"name":"firestore"},"message":"Jun 24, 2026 1:44:16 PM io.gapi.emulators.netty.HttpVersionRoutingHandler channelRead\nINFO: Detected non-HTTP/2 connection.\n"}}
[debug] [2026-06-24T08:44:16.796Z] Jun 24, 2026 1:44:16 PM io.gapi.emulators.netty.HttpVersionRoutingHandler channelRead
INFO: Detected non-HTTP/2 connection.
 {"metadata":{"emulator":{"name":"firestore"},"message":"Jun 24, 2026 1:44:16 PM io.gapi.emulators.netty.HttpVersionRoutingHandler channelRead\nINFO: Detected non-HTTP/2 connection.\n"}}
[debug] [2026-06-24T08:44:16.948Z] Jun 24, 2026 1:44:16 PM io.gapi.emulators.netty.HttpVersionRoutingHandler channelRead
INFO: Detected non-HTTP/2 connection.
 {"metadata":{"emulator":{"name":"firestore"},"message":"Jun 24, 2026 1:44:16 PM io.gapi.emulators.netty.HttpVersionRoutingHandler channelRead\nINFO: Detected non-HTTP/2 connection.\n"}}
[debug] [2026-06-24T08:44:16.955Z] Jun 24, 2026 1:44:16 PM io.gapi.emulators.netty.HttpVersionRoutingHandler channelRead
INFO: Detected non-HTTP/2 connection.
 {"metadata":{"emulator":{"name":"firestore"},"message":"Jun 24, 2026 1:44:16 PM io.gapi.emulators.netty.HttpVersionRoutingHandler channelRead\nINFO: Detected non-HTTP/2 connection.\n"}}
[debug] [2026-06-24T08:44:47.051Z] Jun 24, 2026 1:44:47 PM io.gapi.emulators.netty.HttpVersionRoutingHandler channelRead
INFO: Detected non-HTTP/2 connection.
 {"metadata":{"emulator":{"name":"firestore"},"message":"Jun 24, 2026 1:44:47 PM io.gapi.emulators.netty.HttpVersionRoutingHandler channelRead\nINFO: Detected non-HTTP/2 connection.\n"}}
[debug] [2026-06-24T08:44:56.658Z] Jun 24, 2026 1:44:56 PM io.gapi.emulators.netty.HttpVersionRoutingHandler channelRead
INFO: Detected non-HTTP/2 connection.
 {"metadata":{"emulator":{"name":"firestore"},"message":"Jun 24, 2026 1:44:56 PM io.gapi.emulators.netty.HttpVersionRoutingHandler channelRead\nINFO: Detected non-HTTP/2 connection.\n"}}
[debug] [2026-06-24T08:44:56.906Z] Jun 24, 2026 1:44:56 PM io.gapi.emulators.netty.HttpVersionRoutingHandler channelRead
INFO: Detected non-HTTP/2 connection.
 {"metadata":{"emulator":{"name":"firestore"},"message":"Jun 24, 2026 1:44:56 PM io.gapi.emulators.netty.HttpVersionRoutingHandler channelRead\nINFO: Detected non-HTTP/2 connection.\n"}}
[debug] [2026-06-24T08:44:56.934Z] Jun 24, 2026 1:44:56 PM com.google.cloud.datastore.emulator.firestore.webchannel.FirestoreV1WebChannelAdapter$FirestoreListenHandler onClose
INFO: channel closed
 {"metadata":{"emulator":{"name":"firestore"},"message":"Jun 24, 2026 1:44:56 PM com.google.cloud.datastore.emulator.firestore.webchannel.FirestoreV1WebChannelAdapter$FirestoreListenHandler onClose\nINFO: channel closed\n"}}
[debug] [2026-06-24T08:44:57.049Z] Jun 24, 2026 1:44:57 PM io.gapi.emulators.netty.HttpVersionRoutingHandler channelRead
INFO: Detected non-HTTP/2 connection.
 {"metadata":{"emulator":{"name":"firestore"},"message":"Jun 24, 2026 1:44:57 PM io.gapi.emulators.netty.HttpVersionRoutingHandler channelRead\nINFO: Detected non-HTTP/2 connection.\n"}}
[debug] [2026-06-24T08:44:57.052Z] Jun 24, 2026 1:44:57 PM com.google.cloud.datastore.emulator.firestore.webchannel.FirestoreV1WebChannelAdapter$FirestoreListenHandler onClose
INFO: channel closed
 {"metadata":{"emulator":{"name":"firestore"},"message":"Jun 24, 2026 1:44:57 PM com.google.cloud.datastore.emulator.firestore.webchannel.FirestoreV1WebChannelAdapter$FirestoreListenHandler onClose\nINFO: channel closed\n"}}
[debug] [2026-06-24T08:44:58.679Z] Jun 24, 2026 1:44:58 PM io.gapi.emulators.netty.HttpVersionRoutingHandler channelRead
INFO: Detected non-HTTP/2 connection.
 {"metadata":{"emulator":{"name":"firestore"},"message":"Jun 24, 2026 1:44:58 PM io.gapi.emulators.netty.HttpVersionRoutingHandler channelRead\nINFO: Detected non-HTTP/2 connection.\n"}}
[debug] [2026-06-24T08:44:58.686Z] Jun 24, 2026 1:44:58 PM com.google.cloud.datastore.emulator.firestore.webchannel.FirestoreV1WebChannelAdapter$FirestoreListenHandler onClose
INFO: channel closed
 {"metadata":{"emulator":{"name":"firestore"},"message":"Jun 24, 2026 1:44:58 PM com.google.cloud.datastore.emulator.firestore.webchannel.FirestoreV1WebChannelAdapter$FirestoreListenHandler onClose\nINFO: channel closed\n"}}
[debug] [2026-06-24T08:45:16.906Z] Jun 24, 2026 1:45:16 PM io.gapi.emulators.netty.HttpVersionRoutingHandler channelRead
INFO: Detected non-HTTP/2 connection.
 {"metadata":{"emulator":{"name":"firestore"},"message":"Jun 24, 2026 1:45:16 PM io.gapi.emulators.netty.HttpVersionRoutingHandler channelRead\nINFO: Detected non-HTTP/2 connection.\n"}}
[debug] [2026-06-24T08:45:28.700Z] Jun 24, 2026 1:45:28 PM io.gapi.emulators.netty.HttpVersionRoutingHandler channelRead
INFO: Detected non-HTTP/2 connection.
 {"metadata":{"emulator":{"name":"firestore"},"message":"Jun 24, 2026 1:45:28 PM io.gapi.emulators.netty.HttpVersionRoutingHandler channelRead\nINFO: Detected non-HTTP/2 connection.\n"}}
[debug] [2026-06-24T08:45:28.710Z] Jun 24, 2026 1:45:28 PM com.google.cloud.datastore.emulator.firestore.webchannel.FirestoreV1WebChannelAdapter$FirestoreWriteHandler onClose
INFO: channel closed
 {"metadata":{"emulator":{"name":"firestore"},"message":"Jun 24, 2026 1:45:28 PM com.google.cloud.datastore.emulator.firestore.webchannel.FirestoreV1WebChannelAdapter$FirestoreWriteHandler onClose\nINFO: channel closed\n"}}
[debug] [2026-06-24T08:45:39.589Z] Jun 24, 2026 1:45:39 PM io.gapi.emulators.netty.HttpVersionRoutingHandler channelRead
INFO: Detected non-HTTP/2 connection.
 {"metadata":{"emulator":{"name":"firestore"},"message":"Jun 24, 2026 1:45:39 PM io.gapi.emulators.netty.HttpVersionRoutingHandler channelRead\nINFO: Detected non-HTTP/2 connection.\n"}}
[debug] [2026-06-24T08:45:39.606Z] Multiple projectIds are not recommended in single project mode. Requested project ID cousins-party-2, but the emulator is configured for demo-cousins. To opt-out of single project mode add/set the '"singleProjectMode": false' property in the firebase.json emulators config.
 {"metadata":{"emulator":{"name":"firestore"},"message":"Multiple projectIds are not recommended in single project mode. Requested project ID cousins-party-2, but the emulator is configured for demo-cousins. To opt-out of single project mode add/set the '\"singleProjectMode\": false' property in the firebase.json emulators config.\n"}}
[debug] [2026-06-24T08:45:39.607Z] Multiple projectIds are not recommended in single project mode. Requested project ID cousins-party-2, but the emulator is configured for demo-cousins. To opt-out of single project mode add/set the '"singleProjectMode": false' property in the firebase.json emulators config.
 {"metadata":{"emulator":{"name":"firestore"},"message":"Multiple projectIds are not recommended in single project mode. Requested project ID cousins-party-2, but the emulator is configured for demo-cousins. To opt-out of single project mode add/set the '\"singleProjectMode\": false' property in the firebase.json emulators config.\n"}}
[debug] [2026-06-24T08:45:39.628Z] Jun 24, 2026 1:45:39 PM io.gapi.emulators.netty.HttpVersionRoutingHandler channelRead
INFO: Detected non-HTTP/2 connection.
 {"metadata":{"emulator":{"name":"firestore"},"message":"Jun 24, 2026 1:45:39 PM io.gapi.emulators.netty.HttpVersionRoutingHandler channelRead\nINFO: Detected non-HTTP/2 connection.\n"}}
[debug] [2026-06-24T08:45:39.641Z] Jun 24, 2026 1:45:39 PM io.gapi.emulators.netty.HttpVersionRoutingHandler channelRead
INFO: Detected non-HTTP/2 connection.
 {"metadata":{"emulator":{"name":"firestore"},"message":"Jun 24, 2026 1:45:39 PM io.gapi.emulators.netty.HttpVersionRoutingHandler channelRead\nINFO: Detected non-HTTP/2 connection.\n"}}
[debug] [2026-06-24T08:45:39.644Z] Multiple projectIds are not recommended in single project mode. Requested project ID cousins-party-2, but the emulator is configured for demo-cousins. To opt-out of single project mode add/set the '"singleProjectMode": false' property in the firebase.json emulators config.
Multiple projectIds are not recommended in single project mode. Requested project ID cousins-party-2, but the emulator is configured for demo-cousins. To opt-out of single project mode add/set the '"singleProjectMode": false' property in the firebase.json emulators config.
 {"metadata":{"emulator":{"name":"firestore"},"message":"Multiple projectIds are not recommended in single project mode. Requested project ID cousins-party-2, but the emulator is configured for demo-cousins. To opt-out of single project mode add/set the '\"singleProjectMode\": false' property in the firebase.json emulators config.\nMultiple projectIds are not recommended in single project mode. Requested project ID cousins-party-2, but the emulator is configured for demo-cousins. To opt-out of single project mode add/set the '\"singleProjectMode\": false' property in the firebase.json emulators config.\n"}}
[debug] [2026-06-24T08:45:39.645Z] Jun 24, 2026 1:45:39 PM io.gapi.emulators.netty.HttpVersionRoutingHandler channelRead
INFO: Detected non-HTTP/2 connection.
 {"metadata":{"emulator":{"name":"firestore"},"message":"Jun 24, 2026 1:45:39 PM io.gapi.emulators.netty.HttpVersionRoutingHandler channelRead\nINFO: Detected non-HTTP/2 connection.\n"}}
[debug] [2026-06-24T08:45:39.653Z] Jun 24, 2026 1:45:39 PM io.gapi.emulators.netty.HttpVersionRoutingHandler channelRead
INFO: Detected non-HTTP/2 connection.
 {"metadata":{"emulator":{"name":"firestore"},"message":"Jun 24, 2026 1:45:39 PM io.gapi.emulators.netty.HttpVersionRoutingHandler channelRead\nINFO: Detected non-HTTP/2 connection.\n"}}
[debug] [2026-06-24T08:45:47.147Z] Jun 24, 2026 1:45:47 PM io.gapi.emulators.netty.HttpVersionRoutingHandler channelRead
INFO: Detected non-HTTP/2 connection.
 {"metadata":{"emulator":{"name":"firestore"},"message":"Jun 24, 2026 1:45:47 PM io.gapi.emulators.netty.HttpVersionRoutingHandler channelRead\nINFO: Detected non-HTTP/2 connection.\n"}}
[debug] [2026-06-24T08:45:49.271Z] Jun 24, 2026 1:45:49 PM io.gapi.emulators.netty.HttpVersionRoutingHandler channelRead
INFO: Detected non-HTTP/2 connection.
 {"metadata":{"emulator":{"name":"firestore"},"message":"Jun 24, 2026 1:45:49 PM io.gapi.emulators.netty.HttpVersionRoutingHandler channelRead\nINFO: Detected non-HTTP/2 connection.\n"}}
[debug] [2026-06-24T08:45:49.293Z] Jun 24, 2026 1:45:49 PM io.gapi.emulators.netty.HttpVersionRoutingHandler channelRead
INFO: Detected non-HTTP/2 connection.
 {"metadata":{"emulator":{"name":"firestore"},"message":"Jun 24, 2026 1:45:49 PM io.gapi.emulators.netty.HttpVersionRoutingHandler channelRead\nINFO: Detected non-HTTP/2 connection.\n"}}
[debug] [2026-06-24T08:46:04.361Z] Jun 24, 2026 1:46:04 PM io.gapi.emulators.netty.HttpVersionRoutingHandler channelRead
INFO: Detected non-HTTP/2 connection.
 {"metadata":{"emulator":{"name":"firestore"},"message":"Jun 24, 2026 1:46:04 PM io.gapi.emulators.netty.HttpVersionRoutingHandler channelRead\nINFO: Detected non-HTTP/2 connection.\n"}}
[debug] [2026-06-24T08:46:04.368Z] Multiple projectIds are not recommended in single project mode. Requested project ID cousins-party-2, but the emulator is configured for demo-cousins. To opt-out of single project mode add/set the '"singleProjectMode": false' property in the firebase.json emulators config.
 {"metadata":{"emulator":{"name":"firestore"},"message":"Multiple projectIds are not recommended in single project mode. Requested project ID cousins-party-2, but the emulator is configured for demo-cousins. To opt-out of single project mode add/set the '\"singleProjectMode\": false' property in the firebase.json emulators config.\n"}}
[debug] [2026-06-24T08:46:04.368Z] Multiple projectIds are not recommended in single project mode. Requested project ID cousins-party-2, but the emulator is configured for demo-cousins. To opt-out of single project mode add/set the '"singleProjectMode": false' property in the firebase.json emulators config.
 {"metadata":{"emulator":{"name":"firestore"},"message":"Multiple projectIds are not recommended in single project mode. Requested project ID cousins-party-2, but the emulator is configured for demo-cousins. To opt-out of single project mode add/set the '\"singleProjectMode\": false' property in the firebase.json emulators config.\n"}}
[debug] [2026-06-24T08:46:04.384Z] Jun 24, 2026 1:46:04 PM io.gapi.emulators.netty.HttpVersionRoutingHandler channelRead
INFO: Detected non-HTTP/2 connection.
 {"metadata":{"emulator":{"name":"firestore"},"message":"Jun 24, 2026 1:46:04 PM io.gapi.emulators.netty.HttpVersionRoutingHandler channelRead\nINFO: Detected non-HTTP/2 connection.\n"}}
[debug] [2026-06-24T08:46:04.404Z] Jun 24, 2026 1:46:04 PM io.gapi.emulators.netty.HttpVersionRoutingHandler channelRead
INFO: Detected non-HTTP/2 connection.
 {"metadata":{"emulator":{"name":"firestore"},"message":"Jun 24, 2026 1:46:04 PM io.gapi.emulators.netty.HttpVersionRoutingHandler channelRead\nINFO: Detected non-HTTP/2 connection.\n"}}
[debug] [2026-06-24T08:46:04.407Z] Multiple projectIds are not recommended in single project mode. Requested project ID cousins-party-2, but the emulator is configured for demo-cousins. To opt-out of single project mode add/set the '"singleProjectMode": false' property in the firebase.json emulators config.
 {"metadata":{"emulator":{"name":"firestore"},"message":"Multiple projectIds are not recommended in single project mode. Requested project ID cousins-party-2, but the emulator is configured for demo-cousins. To opt-out of single project mode add/set the '\"singleProjectMode\": false' property in the firebase.json emulators config.\n"}}
[debug] [2026-06-24T08:46:04.407Z] Multiple projectIds are not recommended in single project mode. Requested project ID cousins-party-2, but the emulator is configured for demo-cousins. To opt-out of single project mode add/set the '"singleProjectMode": false' property in the firebase.json emulators config.
 {"metadata":{"emulator":{"name":"firestore"},"message":"Multiple projectIds are not recommended in single project mode. Requested project ID cousins-party-2, but the emulator is configured for demo-cousins. To opt-out of single project mode add/set the '\"singleProjectMode\": false' property in the firebase.json emulators config.\n"}}
[debug] [2026-06-24T08:46:04.410Z] Jun 24, 2026 1:46:04 PM io.gapi.emulators.netty.HttpVersionRoutingHandler channelRead
INFO: Detected non-HTTP/2 connection.
 {"metadata":{"emulator":{"name":"firestore"},"message":"Jun 24, 2026 1:46:04 PM io.gapi.emulators.netty.HttpVersionRoutingHandler channelRead\nINFO: Detected non-HTTP/2 connection.\n"}}
[debug] [2026-06-24T08:46:04.426Z] Jun 24, 2026 1:46:04 PM io.gapi.emulators.netty.HttpVersionRoutingHandler channelRead
INFO: Detected non-HTTP/2 connection.
 {"metadata":{"emulator":{"name":"firestore"},"message":"Jun 24, 2026 1:46:04 PM io.gapi.emulators.netty.HttpVersionRoutingHandler channelRead\nINFO: Detected non-HTTP/2 connection.\n"}}
[debug] [2026-06-24T08:46:04.435Z] Jun 24, 2026 1:46:04 PM io.gapi.emulators.netty.HttpVersionRoutingHandler channelRead
INFO: Detected non-HTTP/2 connection.
Jun 24, 2026 1:46:04 PM io.gapi.emulators.netty.HttpVersionRoutingHandler channelRead
INFO: Detected non-HTTP/2 connection.
 {"metadata":{"emulator":{"name":"firestore"},"message":"Jun 24, 2026 1:46:04 PM io.gapi.emulators.netty.HttpVersionRoutingHandler channelRead\nINFO: Detected non-HTTP/2 connection.\nJun 24, 2026 1:46:04 PM io.gapi.emulators.netty.HttpVersionRoutingHandler channelRead\nINFO: Detected non-HTTP/2 connection.\n"}}
[debug] [2026-06-24T08:46:04.489Z] Jun 24, 2026 1:46:04 PM io.gapi.emulators.netty.HttpVersionRoutingHandler channelRead
INFO: Detected non-HTTP/2 connection.
 {"metadata":{"emulator":{"name":"firestore"},"message":"Jun 24, 2026 1:46:04 PM io.gapi.emulators.netty.HttpVersionRoutingHandler channelRead\nINFO: Detected non-HTTP/2 connection.\n"}}
[debug] [2026-06-24T08:46:08.514Z] Jun 24, 2026 1:46:08 PM io.gapi.emulators.netty.HttpVersionRoutingHandler channelRead
INFO: Detected non-HTTP/2 connection.
 {"metadata":{"emulator":{"name":"firestore"},"message":"Jun 24, 2026 1:46:08 PM io.gapi.emulators.netty.HttpVersionRoutingHandler channelRead\nINFO: Detected non-HTTP/2 connection.\n"}}
[debug] [2026-06-24T08:46:08.530Z] Jun 24, 2026 1:46:08 PM io.gapi.emulators.netty.HttpVersionRoutingHandler channelRead
INFO: Detected non-HTTP/2 connection.
 {"metadata":{"emulator":{"name":"firestore"},"message":"Jun 24, 2026 1:46:08 PM io.gapi.emulators.netty.HttpVersionRoutingHandler channelRead\nINFO: Detected non-HTTP/2 connection.\n"}}
[debug] [2026-06-24T08:46:22.803Z] Jun 24, 2026 1:46:22 PM io.gapi.emulators.netty.HttpVersionRoutingHandler channelRead
INFO: Detected non-HTTP/2 connection.
 {"metadata":{"emulator":{"name":"firestore"},"message":"Jun 24, 2026 1:46:22 PM io.gapi.emulators.netty.HttpVersionRoutingHandler channelRead\nINFO: Detected non-HTTP/2 connection.\n"}}
[debug] [2026-06-24T08:46:22.813Z] Multiple projectIds are not recommended in single project mode. Requested project ID cousins-party-2, but the emulator is configured for demo-cousins. To opt-out of single project mode add/set the '"singleProjectMode": false' property in the firebase.json emulators config.
 {"metadata":{"emulator":{"name":"firestore"},"message":"Multiple projectIds are not recommended in single project mode. Requested project ID cousins-party-2, but the emulator is configured for demo-cousins. To opt-out of single project mode add/set the '\"singleProjectMode\": false' property in the firebase.json emulators config.\n"}}
[debug] [2026-06-24T08:46:22.813Z] Multiple projectIds are not recommended in single project mode. Requested project ID cousins-party-2, but the emulator is configured for demo-cousins. To opt-out of single project mode add/set the '"singleProjectMode": false' property in the firebase.json emulators config.
 {"metadata":{"emulator":{"name":"firestore"},"message":"Multiple projectIds are not recommended in single project mode. Requested project ID cousins-party-2, but the emulator is configured for demo-cousins. To opt-out of single project mode add/set the '\"singleProjectMode\": false' property in the firebase.json emulators config.\n"}}
[debug] [2026-06-24T08:46:22.833Z] Jun 24, 2026 1:46:22 PM io.gapi.emulators.netty.HttpVersionRoutingHandler channelRead
INFO: Detected non-HTTP/2 connection.
 {"metadata":{"emulator":{"name":"firestore"},"message":"Jun 24, 2026 1:46:22 PM io.gapi.emulators.netty.HttpVersionRoutingHandler channelRead\nINFO: Detected non-HTTP/2 connection.\n"}}
[debug] [2026-06-24T08:46:22.859Z] Jun 24, 2026 1:46:22 PM io.gapi.emulators.netty.HttpVersionRoutingHandler channelRead
INFO: Detected non-HTTP/2 connection.
 {"metadata":{"emulator":{"name":"firestore"},"message":"Jun 24, 2026 1:46:22 PM io.gapi.emulators.netty.HttpVersionRoutingHandler channelRead\nINFO: Detected non-HTTP/2 connection.\n"}}
[debug] [2026-06-24T08:46:22.862Z] Multiple projectIds are not recommended in single project mode. Requested project ID cousins-party-2, but the emulator is configured for demo-cousins. To opt-out of single project mode add/set the '"singleProjectMode": false' property in the firebase.json emulators config.
 {"metadata":{"emulator":{"name":"firestore"},"message":"Multiple projectIds are not recommended in single project mode. Requested project ID cousins-party-2, but the emulator is configured for demo-cousins. To opt-out of single project mode add/set the '\"singleProjectMode\": false' property in the firebase.json emulators config.\n"}}
[debug] [2026-06-24T08:46:22.863Z] Multiple projectIds are not recommended in single project mode. Requested project ID cousins-party-2, but the emulator is configured for demo-cousins. To opt-out of single project mode add/set the '"singleProjectMode": false' property in the firebase.json emulators config.
 {"metadata":{"emulator":{"name":"firestore"},"message":"Multiple projectIds are not recommended in single project mode. Requested project ID cousins-party-2, but the emulator is configured for demo-cousins. To opt-out of single project mode add/set the '\"singleProjectMode\": false' property in the firebase.json emulators config.\n"}}
[debug] [2026-06-24T08:46:22.867Z] Jun 24, 2026 1:46:22 PM io.gapi.emulators.netty.HttpVersionRoutingHandler channelRead
INFO: Detected non-HTTP/2 connection.
 {"metadata":{"emulator":{"name":"firestore"},"message":"Jun 24, 2026 1:46:22 PM io.gapi.emulators.netty.HttpVersionRoutingHandler channelRead\nINFO: Detected non-HTTP/2 connection.\n"}}
[debug] [2026-06-24T08:46:22.872Z] Jun 24, 2026 1:46:22 PM io.gapi.emulators.netty.HttpVersionRoutingHandler channelRead
INFO: Detected non-HTTP/2 connection.
 {"metadata":{"emulator":{"name":"firestore"},"message":"Jun 24, 2026 1:46:22 PM io.gapi.emulators.netty.HttpVersionRoutingHandler channelRead\nINFO: Detected non-HTTP/2 connection.\n"}}
[debug] [2026-06-24T08:46:25.982Z] Jun 24, 2026 1:46:25 PM io.gapi.emulators.netty.HttpVersionRoutingHandler channelRead
INFO: Detected non-HTTP/2 connection.
 {"metadata":{"emulator":{"name":"firestore"},"message":"Jun 24, 2026 1:46:25 PM io.gapi.emulators.netty.HttpVersionRoutingHandler channelRead\nINFO: Detected non-HTTP/2 connection.\n"}}
[debug] [2026-06-24T08:46:26.028Z] Jun 24, 2026 1:46:26 PM io.gapi.emulators.netty.HttpVersionRoutingHandler channelRead
INFO: Detected non-HTTP/2 connection.
 {"metadata":{"emulator":{"name":"firestore"},"message":"Jun 24, 2026 1:46:26 PM io.gapi.emulators.netty.HttpVersionRoutingHandler channelRead\nINFO: Detected non-HTTP/2 connection.\n"}}
[debug] [2026-06-24T08:46:35.868Z] Jun 24, 2026 1:46:35 PM io.gapi.emulators.netty.HttpVersionRoutingHandler channelRead
INFO: Detected non-HTTP/2 connection.
 {"metadata":{"emulator":{"name":"firestore"},"message":"Jun 24, 2026 1:46:35 PM io.gapi.emulators.netty.HttpVersionRoutingHandler channelRead\nINFO: Detected non-HTTP/2 connection.\n"}}
[debug] [2026-06-24T08:46:39.735Z] Jun 24, 2026 1:46:39 PM io.gapi.emulators.netty.HttpVersionRoutingHandler channelRead
INFO: Detected non-HTTP/2 connection.
 {"metadata":{"emulator":{"name":"firestore"},"message":"Jun 24, 2026 1:46:39 PM io.gapi.emulators.netty.HttpVersionRoutingHandler channelRead\nINFO: Detected non-HTTP/2 connection.\n"}}
[debug] [2026-06-24T08:46:47.287Z] Jun 24, 2026 1:46:47 PM io.gapi.emulators.netty.HttpVersionRoutingHandler channelRead
INFO: Detected non-HTTP/2 connection.
 {"metadata":{"emulator":{"name":"firestore"},"message":"Jun 24, 2026 1:46:47 PM io.gapi.emulators.netty.HttpVersionRoutingHandler channelRead\nINFO: Detected non-HTTP/2 connection.\n"}}
[debug] [2026-06-24T08:46:47.526Z] Jun 24, 2026 1:46:47 PM io.gapi.emulators.netty.HttpVersionRoutingHandler channelRead
INFO: Detected non-HTTP/2 connection.
 {"metadata":{"emulator":{"name":"firestore"},"message":"Jun 24, 2026 1:46:47 PM io.gapi.emulators.netty.HttpVersionRoutingHandler channelRead\nINFO: Detected non-HTTP/2 connection.\n"}}
[debug] [2026-06-24T08:46:49.253Z] Jun 24, 2026 1:46:49 PM io.gapi.emulators.netty.HttpVersionRoutingHandler channelRead
INFO: Detected non-HTTP/2 connection.
 {"metadata":{"emulator":{"name":"firestore"},"message":"Jun 24, 2026 1:46:49 PM io.gapi.emulators.netty.HttpVersionRoutingHandler channelRead\nINFO: Detected non-HTTP/2 connection.\n"}}
[debug] [2026-06-24T08:46:49.354Z] Jun 24, 2026 1:46:49 PM io.gapi.emulators.netty.HttpVersionRoutingHandler channelRead
INFO: Detected non-HTTP/2 connection.
 {"metadata":{"emulator":{"name":"firestore"},"message":"Jun 24, 2026 1:46:49 PM io.gapi.emulators.netty.HttpVersionRoutingHandler channelRead\nINFO: Detected non-HTTP/2 connection.\n"}}
[debug] [2026-06-24T08:47:04.505Z] Jun 24, 2026 1:47:04 PM io.gapi.emulators.netty.HttpVersionRoutingHandler channelRead
INFO: Detected non-HTTP/2 connection.
 {"metadata":{"emulator":{"name":"firestore"},"message":"Jun 24, 2026 1:47:04 PM io.gapi.emulators.netty.HttpVersionRoutingHandler channelRead\nINFO: Detected non-HTTP/2 connection.\n"}}
[debug] [2026-06-24T08:47:04.514Z] Jun 24, 2026 1:47:04 PM com.google.cloud.datastore.emulator.firestore.webchannel.FirestoreV1WebChannelAdapter$FirestoreWriteHandler onClose
INFO: channel closed
 {"metadata":{"emulator":{"name":"firestore"},"message":"Jun 24, 2026 1:47:04 PM com.google.cloud.datastore.emulator.firestore.webchannel.FirestoreV1WebChannelAdapter$FirestoreWriteHandler onClose\nINFO: channel closed\n"}}
[debug] [2026-06-24T08:47:08.588Z] Jun 24, 2026 1:47:08 PM io.gapi.emulators.netty.HttpVersionRoutingHandler channelRead
INFO: Detected non-HTTP/2 connection.
 {"metadata":{"emulator":{"name":"firestore"},"message":"Jun 24, 2026 1:47:08 PM io.gapi.emulators.netty.HttpVersionRoutingHandler channelRead\nINFO: Detected non-HTTP/2 connection.\n"}}
[debug] [2026-06-24T08:47:09.688Z] Jun 24, 2026 1:47:09 PM io.gapi.emulators.netty.HttpVersionRoutingHandler channelRead
INFO: Detected non-HTTP/2 connection.
 {"metadata":{"emulator":{"name":"firestore"},"message":"Jun 24, 2026 1:47:09 PM io.gapi.emulators.netty.HttpVersionRoutingHandler channelRead\nINFO: Detected non-HTTP/2 connection.\n"}}
[debug] [2026-06-24T08:47:09.701Z] Jun 24, 2026 1:47:09 PM com.google.cloud.datastore.emulator.firestore.webchannel.FirestoreV1WebChannelAdapter$FirestoreWriteHandler onClose
INFO: channel closed
 {"metadata":{"emulator":{"name":"firestore"},"message":"Jun 24, 2026 1:47:09 PM com.google.cloud.datastore.emulator.firestore.webchannel.FirestoreV1WebChannelAdapter$FirestoreWriteHandler onClose\nINFO: channel closed\n"}}
[debug] [2026-06-24T08:47:24.904Z] Jun 24, 2026 1:47:24 PM io.gapi.emulators.netty.HttpVersionRoutingHandler channelRead
INFO: Detected non-HTTP/2 connection.
 {"metadata":{"emulator":{"name":"firestore"},"message":"Jun 24, 2026 1:47:24 PM io.gapi.emulators.netty.HttpVersionRoutingHandler channelRead\nINFO: Detected non-HTTP/2 connection.\n"}}
[debug] [2026-06-24T08:47:24.919Z] Multiple projectIds are not recommended in single project mode. Requested project ID cousins-party-2, but the emulator is configured for demo-cousins. To opt-out of single project mode add/set the '"singleProjectMode": false' property in the firebase.json emulators config.
Multiple projectIds are not recommended in single project mode. Requested project ID cousins-party-2, but the emulator is configured for demo-cousins. To opt-out of single project mode add/set the '"singleProjectMode": false' property in the firebase.json emulators config.
 {"metadata":{"emulator":{"name":"firestore"},"message":"Multiple projectIds are not recommended in single project mode. Requested project ID cousins-party-2, but the emulator is configured for demo-cousins. To opt-out of single project mode add/set the '\"singleProjectMode\": false' property in the firebase.json emulators config.\nMultiple projectIds are not recommended in single project mode. Requested project ID cousins-party-2, but the emulator is configured for demo-cousins. To opt-out of single project mode add/set the '\"singleProjectMode\": false' property in the firebase.json emulators config.\n"}}
[debug] [2026-06-24T08:47:24.930Z] Jun 24, 2026 1:47:24 PM io.gapi.emulators.netty.HttpVersionRoutingHandler channelRead
INFO: Detected non-HTTP/2 connection.
 {"metadata":{"emulator":{"name":"firestore"},"message":"Jun 24, 2026 1:47:24 PM io.gapi.emulators.netty.HttpVersionRoutingHandler channelRead\nINFO: Detected non-HTTP/2 connection.\n"}}
[debug] [2026-06-24T08:47:24.939Z] Jun 24, 2026 1:47:24 PM io.gapi.emulators.netty.HttpVersionRoutingHandler channelRead
INFO: Detected non-HTTP/2 connection.
 {"metadata":{"emulator":{"name":"firestore"},"message":"Jun 24, 2026 1:47:24 PM io.gapi.emulators.netty.HttpVersionRoutingHandler channelRead\nINFO: Detected non-HTTP/2 connection.\n"}}
[debug] [2026-06-24T08:47:27.106Z] Jun 24, 2026 1:47:27 PM io.gapi.emulators.netty.HttpVersionRoutingHandler channelRead
INFO: Detected non-HTTP/2 connection.
 {"metadata":{"emulator":{"name":"firestore"},"message":"Jun 24, 2026 1:47:27 PM io.gapi.emulators.netty.HttpVersionRoutingHandler channelRead\nINFO: Detected non-HTTP/2 connection.\n"}}
[debug] [2026-06-24T08:47:47.551Z] Jun 24, 2026 1:47:47 PM io.gapi.emulators.netty.HttpVersionRoutingHandler channelRead
INFO: Detected non-HTTP/2 connection.
 {"metadata":{"emulator":{"name":"firestore"},"message":"Jun 24, 2026 1:47:47 PM io.gapi.emulators.netty.HttpVersionRoutingHandler channelRead\nINFO: Detected non-HTTP/2 connection.\n"}}
[debug] [2026-06-24T08:47:56.892Z] Jun 24, 2026 1:47:56 PM io.gapi.emulators.netty.HttpVersionRoutingHandler channelRead
INFO: Detected non-HTTP/2 connection.
 {"metadata":{"emulator":{"name":"firestore"},"message":"Jun 24, 2026 1:47:56 PM io.gapi.emulators.netty.HttpVersionRoutingHandler channelRead\nINFO: Detected non-HTTP/2 connection.\n"}}
[debug] [2026-06-24T08:47:57.254Z] Jun 24, 2026 1:47:57 PM io.gapi.emulators.netty.HttpVersionRoutingHandler channelRead
INFO: Detected non-HTTP/2 connection.
 {"metadata":{"emulator":{"name":"firestore"},"message":"Jun 24, 2026 1:47:57 PM io.gapi.emulators.netty.HttpVersionRoutingHandler channelRead\nINFO: Detected non-HTTP/2 connection.\n"}}
[debug] [2026-06-24T08:47:58.965Z] Jun 24, 2026 1:47:58 PM io.gapi.emulators.netty.HttpVersionRoutingHandler channelRead
INFO: Detected non-HTTP/2 connection.
 {"metadata":{"emulator":{"name":"firestore"},"message":"Jun 24, 2026 1:47:58 PM io.gapi.emulators.netty.HttpVersionRoutingHandler channelRead\nINFO: Detected non-HTTP/2 connection.\n"}}
[debug] [2026-06-24T08:48:09.187Z] Jun 24, 2026 1:48:09 PM io.gapi.emulators.netty.HttpVersionRoutingHandler channelRead
INFO: Detected non-HTTP/2 connection.
 {"metadata":{"emulator":{"name":"firestore"},"message":"Jun 24, 2026 1:48:09 PM io.gapi.emulators.netty.HttpVersionRoutingHandler channelRead\nINFO: Detected non-HTTP/2 connection.\n"}}
[debug] [2026-06-24T08:48:10.262Z] Jun 24, 2026 1:48:10 PM io.gapi.emulators.netty.HttpVersionRoutingHandler channelRead
INFO: Detected non-HTTP/2 connection.
 {"metadata":{"emulator":{"name":"firestore"},"message":"Jun 24, 2026 1:48:10 PM io.gapi.emulators.netty.HttpVersionRoutingHandler channelRead\nINFO: Detected non-HTTP/2 connection.\n"}}
[debug] [2026-06-24T08:48:10.295Z] Multiple projectIds are not recommended in single project mode. Requested project ID cousins-party-2, but the emulator is configured for demo-cousins. To opt-out of single project mode add/set the '"singleProjectMode": false' property in the firebase.json emulators config.
 {"metadata":{"emulator":{"name":"firestore"},"message":"Multiple projectIds are not recommended in single project mode. Requested project ID cousins-party-2, but the emulator is configured for demo-cousins. To opt-out of single project mode add/set the '\"singleProjectMode\": false' property in the firebase.json emulators config.\n"}}
[debug] [2026-06-24T08:48:10.296Z] Multiple projectIds are not recommended in single project mode. Requested project ID cousins-party-2, but the emulator is configured for demo-cousins. To opt-out of single project mode add/set the '"singleProjectMode": false' property in the firebase.json emulators config.
 {"metadata":{"emulator":{"name":"firestore"},"message":"Multiple projectIds are not recommended in single project mode. Requested project ID cousins-party-2, but the emulator is configured for demo-cousins. To opt-out of single project mode add/set the '\"singleProjectMode\": false' property in the firebase.json emulators config.\n"}}
[debug] [2026-06-24T08:48:10.354Z] Jun 24, 2026 1:48:10 PM io.gapi.emulators.netty.HttpVersionRoutingHandler channelRead
INFO: Detected non-HTTP/2 connection.
 {"metadata":{"emulator":{"name":"firestore"},"message":"Jun 24, 2026 1:48:10 PM io.gapi.emulators.netty.HttpVersionRoutingHandler channelRead\nINFO: Detected non-HTTP/2 connection.\n"}}
[debug] [2026-06-24T08:48:10.376Z] Jun 24, 2026 1:48:10 PM io.gapi.emulators.netty.HttpVersionRoutingHandler channelRead
INFO: Detected non-HTTP/2 connection.
 {"metadata":{"emulator":{"name":"firestore"},"message":"Jun 24, 2026 1:48:10 PM io.gapi.emulators.netty.HttpVersionRoutingHandler channelRead\nINFO: Detected non-HTTP/2 connection.\n"}}
[debug] [2026-06-24T08:48:10.384Z] Multiple projectIds are not recommended in single project mode. Requested project ID cousins-party-2, but the emulator is configured for demo-cousins. To opt-out of single project mode add/set the '"singleProjectMode": false' property in the firebase.json emulators config.
 {"metadata":{"emulator":{"name":"firestore"},"message":"Multiple projectIds are not recommended in single project mode. Requested project ID cousins-party-2, but the emulator is configured for demo-cousins. To opt-out of single project mode add/set the '\"singleProjectMode\": false' property in the firebase.json emulators config.\n"}}
[debug] [2026-06-24T08:48:10.384Z] Multiple projectIds are not recommended in single project mode. Requested project ID cousins-party-2, but the emulator is configured for demo-cousins. To opt-out of single project mode add/set the '"singleProjectMode": false' property in the firebase.json emulators config.
 {"metadata":{"emulator":{"name":"firestore"},"message":"Multiple projectIds are not recommended in single project mode. Requested project ID cousins-party-2, but the emulator is configured for demo-cousins. To opt-out of single project mode add/set the '\"singleProjectMode\": false' property in the firebase.json emulators config.\n"}}
[debug] [2026-06-24T08:48:10.410Z] Jun 24, 2026 1:48:10 PM io.gapi.emulators.netty.HttpVersionRoutingHandler channelRead
INFO: Detected non-HTTP/2 connection.
 {"metadata":{"emulator":{"name":"firestore"},"message":"Jun 24, 2026 1:48:10 PM io.gapi.emulators.netty.HttpVersionRoutingHandler channelRead\nINFO: Detected non-HTTP/2 connection.\n"}}
[debug] [2026-06-24T08:48:10.414Z] Jun 24, 2026 1:48:10 PM io.gapi.emulators.netty.HttpVersionRoutingHandler channelRead
INFO: Detected non-HTTP/2 connection.
 {"metadata":{"emulator":{"name":"firestore"},"message":"Jun 24, 2026 1:48:10 PM io.gapi.emulators.netty.HttpVersionRoutingHandler channelRead\nINFO: Detected non-HTTP/2 connection.\n"}}
[debug] [2026-06-24T08:48:27.190Z] Jun 24, 2026 1:48:27 PM io.gapi.emulators.netty.HttpVersionRoutingHandler channelRead
INFO: Detected non-HTTP/2 connection.
 {"metadata":{"emulator":{"name":"firestore"},"message":"Jun 24, 2026 1:48:27 PM io.gapi.emulators.netty.HttpVersionRoutingHandler channelRead\nINFO: Detected non-HTTP/2 connection.\n"}}
[debug] [2026-06-24T08:48:47.784Z] Jun 24, 2026 1:48:47 PM io.gapi.emulators.netty.HttpVersionRoutingHandler channelRead
INFO: Detected non-HTTP/2 connection.
 {"metadata":{"emulator":{"name":"firestore"},"message":"Jun 24, 2026 1:48:47 PM io.gapi.emulators.netty.HttpVersionRoutingHandler channelRead\nINFO: Detected non-HTTP/2 connection.\n"}}
[debug] [2026-06-24T08:48:59.236Z] Jun 24, 2026 1:48:59 PM io.gapi.emulators.netty.HttpVersionRoutingHandler channelRead
INFO: Detected non-HTTP/2 connection.
Jun 24, 2026 1:48:59 PM io.gapi.emulators.netty.HttpVersionRoutingHandler channelRead
INFO: Detected non-HTTP/2 connection.
 {"metadata":{"emulator":{"name":"firestore"},"message":"Jun 24, 2026 1:48:59 PM io.gapi.emulators.netty.HttpVersionRoutingHandler channelRead\nINFO: Detected non-HTTP/2 connection.\nJun 24, 2026 1:48:59 PM io.gapi.emulators.netty.HttpVersionRoutingHandler channelRead\nINFO: Detected non-HTTP/2 connection.\n"}}
[debug] [2026-06-24T08:49:10.873Z] Jun 24, 2026 1:49:10 PM io.gapi.emulators.netty.HttpVersionRoutingHandler channelRead
INFO: Detected non-HTTP/2 connection.
 {"metadata":{"emulator":{"name":"firestore"},"message":"Jun 24, 2026 1:49:10 PM io.gapi.emulators.netty.HttpVersionRoutingHandler channelRead\nINFO: Detected non-HTTP/2 connection.\n"}}
[debug] [2026-06-24T08:49:11.213Z] Jun 24, 2026 1:49:11 PM io.gapi.emulators.netty.HttpVersionRoutingHandler channelRead
INFO: Detected non-HTTP/2 connection.
 {"metadata":{"emulator":{"name":"firestore"},"message":"Jun 24, 2026 1:49:11 PM io.gapi.emulators.netty.HttpVersionRoutingHandler channelRead\nINFO: Detected non-HTTP/2 connection.\n"}}
[debug] [2026-06-24T08:49:11.243Z] Jun 24, 2026 1:49:11 PM com.google.cloud.datastore.emulator.firestore.webchannel.FirestoreV1WebChannelAdapter$FirestoreWriteHandler onClose
INFO: channel closed
 {"metadata":{"emulator":{"name":"firestore"},"message":"Jun 24, 2026 1:49:11 PM com.google.cloud.datastore.emulator.firestore.webchannel.FirestoreV1WebChannelAdapter$FirestoreWriteHandler onClose\nINFO: channel closed\n"}}
[debug] [2026-06-24T08:49:11.498Z] Jun 24, 2026 1:49:11 PM io.gapi.emulators.netty.HttpVersionRoutingHandler channelRead
INFO: Detected non-HTTP/2 connection.
 {"metadata":{"emulator":{"name":"firestore"},"message":"Jun 24, 2026 1:49:11 PM io.gapi.emulators.netty.HttpVersionRoutingHandler channelRead\nINFO: Detected non-HTTP/2 connection.\n"}}
[debug] [2026-06-24T08:49:12.495Z] Jun 24, 2026 1:49:12 PM io.gapi.emulators.netty.HttpVersionRoutingHandler channelRead
INFO: Detected non-HTTP/2 connection.
 {"metadata":{"emulator":{"name":"firestore"},"message":"Jun 24, 2026 1:49:12 PM io.gapi.emulators.netty.HttpVersionRoutingHandler channelRead\nINFO: Detected non-HTTP/2 connection.\n"}}
[debug] [2026-06-24T08:49:27.297Z] Jun 24, 2026 1:49:27 PM io.gapi.emulators.netty.HttpVersionRoutingHandler channelRead
INFO: Detected non-HTTP/2 connection.
 {"metadata":{"emulator":{"name":"firestore"},"message":"Jun 24, 2026 1:49:27 PM io.gapi.emulators.netty.HttpVersionRoutingHandler channelRead\nINFO: Detected non-HTTP/2 connection.\n"}}
[debug] [2026-06-24T08:49:48.536Z] Jun 24, 2026 1:49:48 PM io.gapi.emulators.netty.HttpVersionRoutingHandler channelRead
INFO: Detected non-HTTP/2 connection.
 {"metadata":{"emulator":{"name":"firestore"},"message":"Jun 24, 2026 1:49:48 PM io.gapi.emulators.netty.HttpVersionRoutingHandler channelRead\nINFO: Detected non-HTTP/2 connection.\n"}}
[debug] [2026-06-24T08:50:14.956Z] Jun 24, 2026 1:50:14 PM io.gapi.emulators.netty.HttpVersionRoutingHandler channelRead
INFO: Detected non-HTTP/2 connection.
 {"metadata":{"emulator":{"name":"firestore"},"message":"Jun 24, 2026 1:50:14 PM io.gapi.emulators.netty.HttpVersionRoutingHandler channelRead\nINFO: Detected non-HTTP/2 connection.\n"}}
[debug] [2026-06-24T08:50:18.667Z] Jun 24, 2026 1:50:18 PM io.gapi.emulators.netty.HttpVersionRoutingHandler channelRead
INFO: Detected non-HTTP/2 connection.
 {"metadata":{"emulator":{"name":"firestore"},"message":"Jun 24, 2026 1:50:18 PM io.gapi.emulators.netty.HttpVersionRoutingHandler channelRead\nINFO: Detected non-HTTP/2 connection.\n"}}
[debug] [2026-06-24T08:50:27.107Z] Jun 24, 2026 1:50:27 PM io.gapi.emulators.netty.HttpVersionRoutingHandler channelRead
INFO: Detected non-HTTP/2 connection.
 {"metadata":{"emulator":{"name":"firestore"},"message":"Jun 24, 2026 1:50:27 PM io.gapi.emulators.netty.HttpVersionRoutingHandler channelRead\nINFO: Detected non-HTTP/2 connection.\n"}}
[debug] [2026-06-24T08:50:28.386Z] Jun 24, 2026 1:50:28 PM io.gapi.emulators.netty.HttpVersionRoutingHandler channelRead
INFO: Detected non-HTTP/2 connection.
 {"metadata":{"emulator":{"name":"firestore"},"message":"Jun 24, 2026 1:50:28 PM io.gapi.emulators.netty.HttpVersionRoutingHandler channelRead\nINFO: Detected non-HTTP/2 connection.\n"}}
[debug] [2026-06-24T08:50:30.893Z] Jun 24, 2026 1:50:30 PM io.gapi.emulators.netty.HttpVersionRoutingHandler channelRead
INFO: Detected non-HTTP/2 connection.
 {"metadata":{"emulator":{"name":"firestore"},"message":"Jun 24, 2026 1:50:30 PM io.gapi.emulators.netty.HttpVersionRoutingHandler channelRead\nINFO: Detected non-HTTP/2 connection.\n"}}
[debug] [2026-06-24T08:50:35.922Z] Jun 24, 2026 1:50:35 PM io.gapi.emulators.netty.HttpVersionRoutingHandler channelRead
INFO: Detected non-HTTP/2 connection.
 {"metadata":{"emulator":{"name":"firestore"},"message":"Jun 24, 2026 1:50:35 PM io.gapi.emulators.netty.HttpVersionRoutingHandler channelRead\nINFO: Detected non-HTTP/2 connection.\n"}}
[debug] [2026-06-24T08:50:36.332Z] Jun 24, 2026 1:50:36 PM io.gapi.emulators.netty.HttpVersionRoutingHandler channelRead
INFO: Detected non-HTTP/2 connection.
 {"metadata":{"emulator":{"name":"firestore"},"message":"Jun 24, 2026 1:50:36 PM io.gapi.emulators.netty.HttpVersionRoutingHandler channelRead\nINFO: Detected non-HTTP/2 connection.\n"}}
[debug] [2026-06-24T08:51:02.499Z] Jun 24, 2026 1:51:02 PM io.gapi.emulators.netty.HttpVersionRoutingHandler channelRead
INFO: Detected non-HTTP/2 connection.
 {"metadata":{"emulator":{"name":"firestore"},"message":"Jun 24, 2026 1:51:02 PM io.gapi.emulators.netty.HttpVersionRoutingHandler channelRead\nINFO: Detected non-HTTP/2 connection.\n"}}
[debug] [2026-06-24T08:51:02.527Z] Jun 24, 2026 1:51:02 PM com.google.cloud.datastore.emulator.firestore.webchannel.FirestoreV1WebChannelAdapter$FirestoreWriteHandler onClose
INFO: channel closed
 {"metadata":{"emulator":{"name":"firestore"},"message":"Jun 24, 2026 1:51:02 PM com.google.cloud.datastore.emulator.firestore.webchannel.FirestoreV1WebChannelAdapter$FirestoreWriteHandler onClose\nINFO: channel closed\n"}}
[debug] [2026-06-24T08:51:15.153Z] Jun 24, 2026 1:51:15 PM io.gapi.emulators.netty.HttpVersionRoutingHandler channelRead
INFO: Detected non-HTTP/2 connection.
 {"metadata":{"emulator":{"name":"firestore"},"message":"Jun 24, 2026 1:51:15 PM io.gapi.emulators.netty.HttpVersionRoutingHandler channelRead\nINFO: Detected non-HTTP/2 connection.\n"}}
[debug] [2026-06-24T08:51:18.800Z] Jun 24, 2026 1:51:18 PM io.gapi.emulators.netty.HttpVersionRoutingHandler channelRead
INFO: Detected non-HTTP/2 connection.
 {"metadata":{"emulator":{"name":"firestore"},"message":"Jun 24, 2026 1:51:18 PM io.gapi.emulators.netty.HttpVersionRoutingHandler channelRead\nINFO: Detected non-HTTP/2 connection.\n"}}
[debug] [2026-06-24T08:51:27.192Z] Jun 24, 2026 1:51:27 PM io.gapi.emulators.netty.HttpVersionRoutingHandler channelRead
INFO: Detected non-HTTP/2 connection.
 {"metadata":{"emulator":{"name":"firestore"},"message":"Jun 24, 2026 1:51:27 PM io.gapi.emulators.netty.HttpVersionRoutingHandler channelRead\nINFO: Detected non-HTTP/2 connection.\n"}}
[debug] [2026-06-24T08:51:31.010Z] Jun 24, 2026 1:51:31 PM io.gapi.emulators.netty.HttpVersionRoutingHandler channelRead
INFO: Detected non-HTTP/2 connection.
 {"metadata":{"emulator":{"name":"firestore"},"message":"Jun 24, 2026 1:51:31 PM io.gapi.emulators.netty.HttpVersionRoutingHandler channelRead\nINFO: Detected non-HTTP/2 connection.\n"}}
[debug] [2026-06-24T08:51:36.056Z] Jun 24, 2026 1:51:36 PM io.gapi.emulators.netty.HttpVersionRoutingHandler channelRead
INFO: Detected non-HTTP/2 connection.
 {"metadata":{"emulator":{"name":"firestore"},"message":"Jun 24, 2026 1:51:36 PM io.gapi.emulators.netty.HttpVersionRoutingHandler channelRead\nINFO: Detected non-HTTP/2 connection.\n"}}
[debug] [2026-06-24T08:51:36.373Z] Jun 24, 2026 1:51:36 PM io.gapi.emulators.netty.HttpVersionRoutingHandler channelRead
INFO: Detected non-HTTP/2 connection.
 {"metadata":{"emulator":{"name":"firestore"},"message":"Jun 24, 2026 1:51:36 PM io.gapi.emulators.netty.HttpVersionRoutingHandler channelRead\nINFO: Detected non-HTTP/2 connection.\n"}}
[debug] [2026-06-24T08:52:15.442Z] Jun 24, 2026 1:52:15 PM io.gapi.emulators.netty.HttpVersionRoutingHandler channelRead
INFO: Detected non-HTTP/2 connection.
 {"metadata":{"emulator":{"name":"firestore"},"message":"Jun 24, 2026 1:52:15 PM io.gapi.emulators.netty.HttpVersionRoutingHandler channelRead\nINFO: Detected non-HTTP/2 connection.\n"}}
[debug] [2026-06-24T08:52:19.476Z] Jun 24, 2026 1:52:19 PM io.gapi.emulators.netty.HttpVersionRoutingHandler channelRead
INFO: Detected non-HTTP/2 connection.
 {"metadata":{"emulator":{"name":"firestore"},"message":"Jun 24, 2026 1:52:19 PM io.gapi.emulators.netty.HttpVersionRoutingHandler channelRead\nINFO: Detected non-HTTP/2 connection.\n"}}
[debug] [2026-06-24T08:52:28.934Z] Jun 24, 2026 1:52:28 PM io.gapi.emulators.netty.HttpVersionRoutingHandler channelRead
INFO: Detected non-HTTP/2 connection.
 {"metadata":{"emulator":{"name":"firestore"},"message":"Jun 24, 2026 1:52:28 PM io.gapi.emulators.netty.HttpVersionRoutingHandler channelRead\nINFO: Detected non-HTTP/2 connection.\n"}}
[debug] [2026-06-24T08:52:29.282Z] Jun 24, 2026 1:52:29 PM io.gapi.emulators.netty.HttpVersionRoutingHandler channelRead
INFO: Detected non-HTTP/2 connection.
 {"metadata":{"emulator":{"name":"firestore"},"message":"Jun 24, 2026 1:52:29 PM io.gapi.emulators.netty.HttpVersionRoutingHandler channelRead\nINFO: Detected non-HTTP/2 connection.\n"}}
[debug] [2026-06-24T08:52:29.337Z] Jun 24, 2026 1:52:29 PM com.google.cloud.datastore.emulator.firestore.webchannel.FirestoreV1WebChannelAdapter$FirestoreWriteHandler onClose
INFO: channel closed
 {"metadata":{"emulator":{"name":"firestore"},"message":"Jun 24, 2026 1:52:29 PM com.google.cloud.datastore.emulator.firestore.webchannel.FirestoreV1WebChannelAdapter$FirestoreWriteHandler onClose\nINFO: channel closed\n"}}
[debug] [2026-06-24T08:52:32.463Z] Jun 24, 2026 1:52:32 PM io.gapi.emulators.netty.HttpVersionRoutingHandler channelRead
INFO: Detected non-HTTP/2 connection.
 {"metadata":{"emulator":{"name":"firestore"},"message":"Jun 24, 2026 1:52:32 PM io.gapi.emulators.netty.HttpVersionRoutingHandler channelRead\nINFO: Detected non-HTTP/2 connection.\n"}}
[debug] [2026-06-24T08:52:36.735Z] Jun 24, 2026 1:52:36 PM io.gapi.emulators.netty.HttpVersionRoutingHandler channelRead
INFO: Detected non-HTTP/2 connection.
 {"metadata":{"emulator":{"name":"firestore"},"message":"Jun 24, 2026 1:52:36 PM io.gapi.emulators.netty.HttpVersionRoutingHandler channelRead\nINFO: Detected non-HTTP/2 connection.\n"}}
[debug] [2026-06-24T08:53:15.547Z] Jun 24, 2026 1:53:15 PM io.gapi.emulators.netty.HttpVersionRoutingHandler channelRead
INFO: Detected non-HTTP/2 connection.
 {"metadata":{"emulator":{"name":"firestore"},"message":"Jun 24, 2026 1:53:15 PM io.gapi.emulators.netty.HttpVersionRoutingHandler channelRead\nINFO: Detected non-HTTP/2 connection.\n"}}
[debug] [2026-06-24T08:53:19.782Z] Jun 24, 2026 1:53:19 PM io.gapi.emulators.netty.HttpVersionRoutingHandler channelRead
INFO: Detected non-HTTP/2 connection.
 {"metadata":{"emulator":{"name":"firestore"},"message":"Jun 24, 2026 1:53:19 PM io.gapi.emulators.netty.HttpVersionRoutingHandler channelRead\nINFO: Detected non-HTTP/2 connection.\n"}}
[debug] [2026-06-24T08:53:29.046Z] Jun 24, 2026 1:53:29 PM io.gapi.emulators.netty.HttpVersionRoutingHandler channelRead
INFO: Detected non-HTTP/2 connection.
 {"metadata":{"emulator":{"name":"firestore"},"message":"Jun 24, 2026 1:53:29 PM io.gapi.emulators.netty.HttpVersionRoutingHandler channelRead\nINFO: Detected non-HTTP/2 connection.\n"}}
[debug] [2026-06-24T08:53:32.575Z] Jun 24, 2026 1:53:32 PM io.gapi.emulators.netty.HttpVersionRoutingHandler channelRead
INFO: Detected non-HTTP/2 connection.
 {"metadata":{"emulator":{"name":"firestore"},"message":"Jun 24, 2026 1:53:32 PM io.gapi.emulators.netty.HttpVersionRoutingHandler channelRead\nINFO: Detected non-HTTP/2 connection.\n"}}
[debug] [2026-06-24T08:53:37.213Z] Jun 24, 2026 1:53:37 PM io.gapi.emulators.netty.HttpVersionRoutingHandler channelRead
INFO: Detected non-HTTP/2 connection.
 {"metadata":{"emulator":{"name":"firestore"},"message":"Jun 24, 2026 1:53:37 PM io.gapi.emulators.netty.HttpVersionRoutingHandler channelRead\nINFO: Detected non-HTTP/2 connection.\n"}}
[debug] [2026-06-24T08:54:16.260Z] Jun 24, 2026 1:54:16 PM io.gapi.emulators.netty.HttpVersionRoutingHandler channelRead
INFO: Detected non-HTTP/2 connection.
 {"metadata":{"emulator":{"name":"firestore"},"message":"Jun 24, 2026 1:54:16 PM io.gapi.emulators.netty.HttpVersionRoutingHandler channelRead\nINFO: Detected non-HTTP/2 connection.\n"}}
[debug] [2026-06-24T08:54:22.842Z] Jun 24, 2026 1:54:22 PM io.gapi.emulators.netty.HttpVersionRoutingHandler channelRead
INFO: Detected non-HTTP/2 connection.
 {"metadata":{"emulator":{"name":"firestore"},"message":"Jun 24, 2026 1:54:22 PM io.gapi.emulators.netty.HttpVersionRoutingHandler channelRead\nINFO: Detected non-HTTP/2 connection.\n"}}
[debug] [2026-06-24T08:54:29.158Z] Jun 24, 2026 1:54:29 PM io.gapi.emulators.netty.HttpVersionRoutingHandler channelRead
INFO: Detected non-HTTP/2 connection.
 {"metadata":{"emulator":{"name":"firestore"},"message":"Jun 24, 2026 1:54:29 PM io.gapi.emulators.netty.HttpVersionRoutingHandler channelRead\nINFO: Detected non-HTTP/2 connection.\n"}}
[debug] [2026-06-24T08:54:33.777Z] Jun 24, 2026 1:54:33 PM io.gapi.emulators.netty.HttpVersionRoutingHandler channelRead
INFO: Detected non-HTTP/2 connection.
 {"metadata":{"emulator":{"name":"firestore"},"message":"Jun 24, 2026 1:54:33 PM io.gapi.emulators.netty.HttpVersionRoutingHandler channelRead\nINFO: Detected non-HTTP/2 connection.\n"}}
[debug] [2026-06-24T08:54:37.444Z] Jun 24, 2026 1:54:37 PM io.gapi.emulators.netty.HttpVersionRoutingHandler channelRead
INFO: Detected non-HTTP/2 connection.
 {"metadata":{"emulator":{"name":"firestore"},"message":"Jun 24, 2026 1:54:37 PM io.gapi.emulators.netty.HttpVersionRoutingHandler channelRead\nINFO: Detected non-HTTP/2 connection.\n"}}
[debug] [2026-06-24T08:55:16.705Z] Jun 24, 2026 1:55:16 PM io.gapi.emulators.netty.HttpVersionRoutingHandler channelRead
INFO: Detected non-HTTP/2 connection.
 {"metadata":{"emulator":{"name":"firestore"},"message":"Jun 24, 2026 1:55:16 PM io.gapi.emulators.netty.HttpVersionRoutingHandler channelRead\nINFO: Detected non-HTTP/2 connection.\n"}}
[debug] [2026-06-24T08:55:19.610Z] Jun 24, 2026 1:55:19 PM io.gapi.emulators.netty.HttpVersionRoutingHandler channelRead
INFO: Detected non-HTTP/2 connection.
 {"metadata":{"emulator":{"name":"firestore"},"message":"Jun 24, 2026 1:55:19 PM io.gapi.emulators.netty.HttpVersionRoutingHandler channelRead\nINFO: Detected non-HTTP/2 connection.\n"}}
[debug] [2026-06-24T08:55:27.532Z] Jun 24, 2026 1:55:27 PM io.gapi.emulators.netty.HttpVersionRoutingHandler channelRead
INFO: Detected non-HTTP/2 connection.
 {"metadata":{"emulator":{"name":"firestore"},"message":"Jun 24, 2026 1:55:27 PM io.gapi.emulators.netty.HttpVersionRoutingHandler channelRead\nINFO: Detected non-HTTP/2 connection.\n"}}
[debug] [2026-06-24T08:56:01.762Z] Jun 24, 2026 1:56:01 PM io.gapi.emulators.netty.HttpVersionRoutingHandler channelRead
INFO: Detected non-HTTP/2 connection.
 {"metadata":{"emulator":{"name":"firestore"},"message":"Jun 24, 2026 1:56:01 PM io.gapi.emulators.netty.HttpVersionRoutingHandler channelRead\nINFO: Detected non-HTTP/2 connection.\n"}}
[debug] [2026-06-24T08:56:07.225Z] Jun 24, 2026 1:56:07 PM io.gapi.emulators.netty.HttpVersionRoutingHandler channelRead
INFO: Detected non-HTTP/2 connection.
 {"metadata":{"emulator":{"name":"firestore"},"message":"Jun 24, 2026 1:56:07 PM io.gapi.emulators.netty.HttpVersionRoutingHandler channelRead\nINFO: Detected non-HTTP/2 connection.\n"}}
[debug] [2026-06-24T08:56:08.266Z] Jun 24, 2026 1:56:08 PM io.gapi.emulators.netty.HttpVersionRoutingHandler channelRead
INFO: Detected non-HTTP/2 connection.
 {"metadata":{"emulator":{"name":"firestore"},"message":"Jun 24, 2026 1:56:08 PM io.gapi.emulators.netty.HttpVersionRoutingHandler channelRead\nINFO: Detected non-HTTP/2 connection.\n"}}
[debug] [2026-06-24T08:56:08.713Z] Multiple projectIds are not recommended in single project mode. Requested project ID cousins-party-2, but the emulator is configured for demo-cousins. To opt-out of single project mode add/set the '"singleProjectMode": false' property in the firebase.json emulators config.
 {"metadata":{"emulator":{"name":"firestore"},"message":"Multiple projectIds are not recommended in single project mode. Requested project ID cousins-party-2, but the emulator is configured for demo-cousins. To opt-out of single project mode add/set the '\"singleProjectMode\": false' property in the firebase.json emulators config.\n"}}
[debug] [2026-06-24T08:56:08.715Z] Multiple projectIds are not recommended in single project mode. Requested project ID cousins-party-2, but the emulator is configured for demo-cousins. To opt-out of single project mode add/set the '"singleProjectMode": false' property in the firebase.json emulators config.
 {"metadata":{"emulator":{"name":"firestore"},"message":"Multiple projectIds are not recommended in single project mode. Requested project ID cousins-party-2, but the emulator is configured for demo-cousins. To opt-out of single project mode add/set the '\"singleProjectMode\": false' property in the firebase.json emulators config.\n"}}
[debug] [2026-06-24T08:56:09.307Z] Jun 24, 2026 1:56:09 PM io.gapi.emulators.netty.HttpVersionRoutingHandler channelRead
INFO: Detected non-HTTP/2 connection.
 {"metadata":{"emulator":{"name":"firestore"},"message":"Jun 24, 2026 1:56:09 PM io.gapi.emulators.netty.HttpVersionRoutingHandler channelRead\nINFO: Detected non-HTTP/2 connection.\n"}}
[debug] [2026-06-24T08:56:10.572Z] Jun 24, 2026 1:56:10 PM io.gapi.emulators.netty.HttpVersionRoutingHandler channelRead
INFO: Detected non-HTTP/2 connection.
 {"metadata":{"emulator":{"name":"firestore"},"message":"Jun 24, 2026 1:56:10 PM io.gapi.emulators.netty.HttpVersionRoutingHandler channelRead\nINFO: Detected non-HTTP/2 connection.\n"}}
[debug] [2026-06-24T08:56:10.600Z] Multiple projectIds are not recommended in single project mode. Requested project ID cousins-party-2, but the emulator is configured for demo-cousins. To opt-out of single project mode add/set the '"singleProjectMode": false' property in the firebase.json emulators config.
 {"metadata":{"emulator":{"name":"firestore"},"message":"Multiple projectIds are not recommended in single project mode. Requested project ID cousins-party-2, but the emulator is configured for demo-cousins. To opt-out of single project mode add/set the '\"singleProjectMode\": false' property in the firebase.json emulators config.\n"}}
[debug] [2026-06-24T08:56:10.602Z] Multiple projectIds are not recommended in single project mode. Requested project ID cousins-party-2, but the emulator is configured for demo-cousins. To opt-out of single project mode add/set the '"singleProjectMode": false' property in the firebase.json emulators config.
 {"metadata":{"emulator":{"name":"firestore"},"message":"Multiple projectIds are not recommended in single project mode. Requested project ID cousins-party-2, but the emulator is configured for demo-cousins. To opt-out of single project mode add/set the '\"singleProjectMode\": false' property in the firebase.json emulators config.\n"}}
[debug] [2026-06-24T08:56:10.703Z] Jun 24, 2026 1:56:10 PM io.gapi.emulators.netty.HttpVersionRoutingHandler channelRead
INFO: Detected non-HTTP/2 connection.
 {"metadata":{"emulator":{"name":"firestore"},"message":"Jun 24, 2026 1:56:10 PM io.gapi.emulators.netty.HttpVersionRoutingHandler channelRead\nINFO: Detected non-HTTP/2 connection.\n"}}
[debug] [2026-06-24T08:56:14.559Z] Jun 24, 2026 1:56:14 PM io.gapi.emulators.netty.HttpVersionRoutingHandler channelRead
INFO: Detected non-HTTP/2 connection.
 {"metadata":{"emulator":{"name":"firestore"},"message":"Jun 24, 2026 1:56:14 PM io.gapi.emulators.netty.HttpVersionRoutingHandler channelRead\nINFO: Detected non-HTTP/2 connection.\n"}}
[debug] [2026-06-24T08:56:16.374Z] Jun 24, 2026 1:56:16 PM io.gapi.emulators.netty.HttpVersionRoutingHandler channelRead
INFO: Detected non-HTTP/2 connection.
 {"metadata":{"emulator":{"name":"firestore"},"message":"Jun 24, 2026 1:56:16 PM io.gapi.emulators.netty.HttpVersionRoutingHandler channelRead\nINFO: Detected non-HTTP/2 connection.\n"}}
[debug] [2026-06-24T08:56:22.688Z] Jun 24, 2026 1:56:22 PM io.gapi.emulators.netty.HttpVersionRoutingHandler channelRead
INFO: Detected non-HTTP/2 connection.
 {"metadata":{"emulator":{"name":"firestore"},"message":"Jun 24, 2026 1:56:22 PM io.gapi.emulators.netty.HttpVersionRoutingHandler channelRead\nINFO: Detected non-HTTP/2 connection.\n"}}
[debug] [2026-06-24T08:56:38.265Z] Jun 24, 2026 1:56:38 PM io.gapi.emulators.netty.HttpVersionRoutingHandler channelRead
INFO: Detected non-HTTP/2 connection.
 {"metadata":{"emulator":{"name":"firestore"},"message":"Jun 24, 2026 1:56:38 PM io.gapi.emulators.netty.HttpVersionRoutingHandler channelRead\nINFO: Detected non-HTTP/2 connection.\n"}}
[debug] [2026-06-24T08:56:41.788Z] Jun 24, 2026 1:56:41 PM io.gapi.emulators.netty.HttpVersionRoutingHandler channelRead
INFO: Detected non-HTTP/2 connection.
 {"metadata":{"emulator":{"name":"firestore"},"message":"Jun 24, 2026 1:56:41 PM io.gapi.emulators.netty.HttpVersionRoutingHandler channelRead\nINFO: Detected non-HTTP/2 connection.\n"}}
[debug] [2026-06-24T08:56:41.877Z] Multiple projectIds are not recommended in single project mode. Requested project ID cousins-party-2, but the emulator is configured for demo-cousins. To opt-out of single project mode add/set the '"singleProjectMode": false' property in the firebase.json emulators config.
 {"metadata":{"emulator":{"name":"firestore"},"message":"Multiple projectIds are not recommended in single project mode. Requested project ID cousins-party-2, but the emulator is configured for demo-cousins. To opt-out of single project mode add/set the '\"singleProjectMode\": false' property in the firebase.json emulators config.\n"}}
[debug] [2026-06-24T08:56:41.878Z] Multiple projectIds are not recommended in single project mode. Requested project ID cousins-party-2, but the emulator is configured for demo-cousins. To opt-out of single project mode add/set the '"singleProjectMode": false' property in the firebase.json emulators config.
 {"metadata":{"emulator":{"name":"firestore"},"message":"Multiple projectIds are not recommended in single project mode. Requested project ID cousins-party-2, but the emulator is configured for demo-cousins. To opt-out of single project mode add/set the '\"singleProjectMode\": false' property in the firebase.json emulators config.\n"}}
[debug] [2026-06-24T08:56:42.134Z] Jun 24, 2026 1:56:42 PM io.gapi.emulators.netty.HttpVersionRoutingHandler channelRead
INFO: Detected non-HTTP/2 connection.
 {"metadata":{"emulator":{"name":"firestore"},"message":"Jun 24, 2026 1:56:42 PM io.gapi.emulators.netty.HttpVersionRoutingHandler channelRead\nINFO: Detected non-HTTP/2 connection.\n"}}
[debug] [2026-06-24T08:57:15.038Z] Jun 24, 2026 1:57:14 PM io.gapi.emulators.netty.HttpVersionRoutingHandler channelRead
INFO: Detected non-HTTP/2 connection.
 {"metadata":{"emulator":{"name":"firestore"},"message":"Jun 24, 2026 1:57:14 PM io.gapi.emulators.netty.HttpVersionRoutingHandler channelRead\nINFO: Detected non-HTTP/2 connection.\n"}}
[debug] [2026-06-24T08:57:42.766Z] Jun 24, 2026 1:57:42 PM io.gapi.emulators.netty.HttpVersionRoutingHandler channelRead
INFO: Detected non-HTTP/2 connection.
 {"metadata":{"emulator":{"name":"firestore"},"message":"Jun 24, 2026 1:57:42 PM io.gapi.emulators.netty.HttpVersionRoutingHandler channelRead\nINFO: Detected non-HTTP/2 connection.\n"}}
[debug] [2026-06-24T08:57:48.723Z] Jun 24, 2026 1:57:48 PM io.gapi.emulators.netty.HttpVersionRoutingHandler channelRead
INFO: Detected non-HTTP/2 connection.
Jun 24, 2026 1:57:48 PM io.gapi.emulators.netty.HttpVersionRoutingHandler channelRead
INFO: Detected non-HTTP/2 connection.
 {"metadata":{"emulator":{"name":"firestore"},"message":"Jun 24, 2026 1:57:48 PM io.gapi.emulators.netty.HttpVersionRoutingHandler channelRead\nINFO: Detected non-HTTP/2 connection.\nJun 24, 2026 1:57:48 PM io.gapi.emulators.netty.HttpVersionRoutingHandler channelRead\nINFO: Detected non-HTTP/2 connection.\n"}}
[debug] [2026-06-24T08:58:03.329Z] Jun 24, 2026 1:58:03 PM io.gapi.emulators.netty.HttpVersionRoutingHandler channelRead
INFO: Detected non-HTTP/2 connection.
 {"metadata":{"emulator":{"name":"firestore"},"message":"Jun 24, 2026 1:58:03 PM io.gapi.emulators.netty.HttpVersionRoutingHandler channelRead\nINFO: Detected non-HTTP/2 connection.\n"}}
[debug] [2026-06-24T08:58:12.468Z] Jun 24, 2026 1:58:12 PM io.gapi.emulators.netty.HttpVersionRoutingHandler channelRead
INFO: Detected non-HTTP/2 connection.
 {"metadata":{"emulator":{"name":"firestore"},"message":"Jun 24, 2026 1:58:12 PM io.gapi.emulators.netty.HttpVersionRoutingHandler channelRead\nINFO: Detected non-HTTP/2 connection.\n"}}
[debug] [2026-06-24T08:58:12.764Z] Multiple projectIds are not recommended in single project mode. Requested project ID cousins-party-2, but the emulator is configured for demo-cousins. To opt-out of single project mode add/set the '"singleProjectMode": false' property in the firebase.json emulators config.
 {"metadata":{"emulator":{"name":"firestore"},"message":"Multiple projectIds are not recommended in single project mode. Requested project ID cousins-party-2, but the emulator is configured for demo-cousins. To opt-out of single project mode add/set the '\"singleProjectMode\": false' property in the firebase.json emulators config.\n"}}
[debug] [2026-06-24T08:58:12.781Z] Multiple projectIds are not recommended in single project mode. Requested project ID cousins-party-2, but the emulator is configured for demo-cousins. To opt-out of single project mode add/set the '"singleProjectMode": false' property in the firebase.json emulators config.
 {"metadata":{"emulator":{"name":"firestore"},"message":"Multiple projectIds are not recommended in single project mode. Requested project ID cousins-party-2, but the emulator is configured for demo-cousins. To opt-out of single project mode add/set the '\"singleProjectMode\": false' property in the firebase.json emulators config.\n"}}
[debug] [2026-06-24T08:58:14.483Z] Jun 24, 2026 1:58:14 PM io.gapi.emulators.netty.HttpVersionRoutingHandler channelRead
INFO: Detected non-HTTP/2 connection.
 {"metadata":{"emulator":{"name":"firestore"},"message":"Jun 24, 2026 1:58:14 PM io.gapi.emulators.netty.HttpVersionRoutingHandler channelRead\nINFO: Detected non-HTTP/2 connection.\n"}}
[debug] [2026-06-24T08:58:39.741Z] Jun 24, 2026 1:58:39 PM io.gapi.emulators.netty.HttpVersionRoutingHandler channelRead
INFO: Detected non-HTTP/2 connection.
 {"metadata":{"emulator":{"name":"firestore"},"message":"Jun 24, 2026 1:58:39 PM io.gapi.emulators.netty.HttpVersionRoutingHandler channelRead\nINFO: Detected non-HTTP/2 connection.\n"}}
[debug] [2026-06-24T08:58:52.578Z] Jun 24, 2026 1:58:52 PM io.gapi.emulators.netty.HttpVersionRoutingHandler channelRead
INFO: Detected non-HTTP/2 connection.
 {"metadata":{"emulator":{"name":"firestore"},"message":"Jun 24, 2026 1:58:52 PM io.gapi.emulators.netty.HttpVersionRoutingHandler channelRead\nINFO: Detected non-HTTP/2 connection.\n"}}
[debug] [2026-06-24T08:58:58.601Z] Jun 24, 2026 1:58:58 PM io.gapi.emulators.netty.HttpVersionRoutingHandler channelRead
INFO: Detected non-HTTP/2 connection.
 {"metadata":{"emulator":{"name":"firestore"},"message":"Jun 24, 2026 1:58:58 PM io.gapi.emulators.netty.HttpVersionRoutingHandler channelRead\nINFO: Detected non-HTTP/2 connection.\n"}}
[debug] [2026-06-24T08:58:58.620Z] Multiple projectIds are not recommended in single project mode. Requested project ID cousins-party-2, but the emulator is configured for demo-cousins. To opt-out of single project mode add/set the '"singleProjectMode": false' property in the firebase.json emulators config.
 {"metadata":{"emulator":{"name":"firestore"},"message":"Multiple projectIds are not recommended in single project mode. Requested project ID cousins-party-2, but the emulator is configured for demo-cousins. To opt-out of single project mode add/set the '\"singleProjectMode\": false' property in the firebase.json emulators config.\n"}}
[debug] [2026-06-24T08:58:58.620Z] Multiple projectIds are not recommended in single project mode. Requested project ID cousins-party-2, but the emulator is configured for demo-cousins. To opt-out of single project mode add/set the '"singleProjectMode": false' property in the firebase.json emulators config.
 {"metadata":{"emulator":{"name":"firestore"},"message":"Multiple projectIds are not recommended in single project mode. Requested project ID cousins-party-2, but the emulator is configured for demo-cousins. To opt-out of single project mode add/set the '\"singleProjectMode\": false' property in the firebase.json emulators config.\n"}}
[debug] [2026-06-24T08:58:58.698Z] Jun 24, 2026 1:58:58 PM io.gapi.emulators.netty.HttpVersionRoutingHandler channelRead
INFO: Detected non-HTTP/2 connection.
 {"metadata":{"emulator":{"name":"firestore"},"message":"Jun 24, 2026 1:58:58 PM io.gapi.emulators.netty.HttpVersionRoutingHandler channelRead\nINFO: Detected non-HTTP/2 connection.\n"}}
[debug] [2026-06-24T08:59:03.492Z] Jun 24, 2026 1:59:03 PM io.gapi.emulators.netty.HttpVersionRoutingHandler channelRead
INFO: Detected non-HTTP/2 connection.
 {"metadata":{"emulator":{"name":"firestore"},"message":"Jun 24, 2026 1:59:03 PM io.gapi.emulators.netty.HttpVersionRoutingHandler channelRead\nINFO: Detected non-HTTP/2 connection.\n"}}
[debug] [2026-06-24T08:59:14.860Z] Jun 24, 2026 1:59:14 PM io.gapi.emulators.netty.HttpVersionRoutingHandler channelRead
INFO: Detected non-HTTP/2 connection.
 {"metadata":{"emulator":{"name":"firestore"},"message":"Jun 24, 2026 1:59:14 PM io.gapi.emulators.netty.HttpVersionRoutingHandler channelRead\nINFO: Detected non-HTTP/2 connection.\n"}}
[debug] [2026-06-24T08:59:37.814Z] Jun 24, 2026 1:59:37 PM io.gapi.emulators.netty.HttpVersionRoutingHandler channelRead
INFO: Detected non-HTTP/2 connection.
 {"metadata":{"emulator":{"name":"firestore"},"message":"Jun 24, 2026 1:59:37 PM io.gapi.emulators.netty.HttpVersionRoutingHandler channelRead\nINFO: Detected non-HTTP/2 connection.\n"}}
[debug] [2026-06-24T08:59:37.836Z] Jun 24, 2026 1:59:37 PM io.gapi.emulators.netty.HttpVersionRoutingHandler channelRead
INFO: Detected non-HTTP/2 connection.
 {"metadata":{"emulator":{"name":"firestore"},"message":"Jun 24, 2026 1:59:37 PM io.gapi.emulators.netty.HttpVersionRoutingHandler channelRead\nINFO: Detected non-HTTP/2 connection.\n"}}
[debug] [2026-06-24T08:59:38.800Z] Jun 24, 2026 1:59:38 PM io.gapi.emulators.netty.HttpVersionRoutingHandler channelRead
INFO: Detected non-HTTP/2 connection.
 {"metadata":{"emulator":{"name":"firestore"},"message":"Jun 24, 2026 1:59:38 PM io.gapi.emulators.netty.HttpVersionRoutingHandler channelRead\nINFO: Detected non-HTTP/2 connection.\n"}}
[debug] [2026-06-24T08:59:38.825Z] Jun 24, 2026 1:59:38 PM io.gapi.emulators.netty.HttpVersionRoutingHandler channelRead
INFO: Detected non-HTTP/2 connection.
 {"metadata":{"emulator":{"name":"firestore"},"message":"Jun 24, 2026 1:59:38 PM io.gapi.emulators.netty.HttpVersionRoutingHandler channelRead\nINFO: Detected non-HTTP/2 connection.\n"}}
[debug] [2026-06-24T08:59:38.826Z] Jun 24, 2026 1:59:38 PM io.gapi.emulators.netty.HttpVersionRoutingHandler channelRead
INFO: Detected non-HTTP/2 connection.
 {"metadata":{"emulator":{"name":"firestore"},"message":"Jun 24, 2026 1:59:38 PM io.gapi.emulators.netty.HttpVersionRoutingHandler channelRead\nINFO: Detected non-HTTP/2 connection.\n"}}
[debug] [2026-06-24T08:59:38.831Z] Multiple projectIds are not recommended in single project mode. Requested project ID cousins-party-2, but the emulator is configured for demo-cousins. To opt-out of single project mode add/set the '"singleProjectMode": false' property in the firebase.json emulators config.
 {"metadata":{"emulator":{"name":"firestore"},"message":"Multiple projectIds are not recommended in single project mode. Requested project ID cousins-party-2, but the emulator is configured for demo-cousins. To opt-out of single project mode add/set the '\"singleProjectMode\": false' property in the firebase.json emulators config.\n"}}
[debug] [2026-06-24T08:59:38.831Z] Multiple projectIds are not recommended in single project mode. Requested project ID cousins-party-2, but the emulator is configured for demo-cousins. To opt-out of single project mode add/set the '"singleProjectMode": false' property in the firebase.json emulators config.
 {"metadata":{"emulator":{"name":"firestore"},"message":"Multiple projectIds are not recommended in single project mode. Requested project ID cousins-party-2, but the emulator is configured for demo-cousins. To opt-out of single project mode add/set the '\"singleProjectMode\": false' property in the firebase.json emulators config.\n"}}
[debug] [2026-06-24T08:59:38.839Z] Jun 24, 2026 1:59:38 PM io.gapi.emulators.netty.HttpVersionRoutingHandler channelRead
INFO: Detected non-HTTP/2 connection.
 {"metadata":{"emulator":{"name":"firestore"},"message":"Jun 24, 2026 1:59:38 PM io.gapi.emulators.netty.HttpVersionRoutingHandler channelRead\nINFO: Detected non-HTTP/2 connection.\n"}}
[debug] [2026-06-24T08:59:38.844Z] Jun 24, 2026 1:59:38 PM io.gapi.emulators.netty.HttpVersionRoutingHandler channelRead
INFO: Detected non-HTTP/2 connection.
 {"metadata":{"emulator":{"name":"firestore"},"message":"Jun 24, 2026 1:59:38 PM io.gapi.emulators.netty.HttpVersionRoutingHandler channelRead\nINFO: Detected non-HTTP/2 connection.\n"}}
[debug] [2026-06-24T08:59:39.645Z] Jun 24, 2026 1:59:39 PM io.gapi.emulators.netty.HttpVersionRoutingHandler channelRead
INFO: Detected non-HTTP/2 connection.
 {"metadata":{"emulator":{"name":"firestore"},"message":"Jun 24, 2026 1:59:39 PM io.gapi.emulators.netty.HttpVersionRoutingHandler channelRead\nINFO: Detected non-HTTP/2 connection.\n"}}
[debug] [2026-06-24T08:59:39.652Z] Jun 24, 2026 1:59:39 PM io.gapi.emulators.netty.HttpVersionRoutingHandler channelRead
INFO: Detected non-HTTP/2 connection.
 {"metadata":{"emulator":{"name":"firestore"},"message":"Jun 24, 2026 1:59:39 PM io.gapi.emulators.netty.HttpVersionRoutingHandler channelRead\nINFO: Detected non-HTTP/2 connection.\n"}}
[debug] [2026-06-24T08:59:46.249Z] Jun 24, 2026 1:59:46 PM io.gapi.emulators.netty.HttpVersionRoutingHandler channelRead
INFO: Detected non-HTTP/2 connection.
 {"metadata":{"emulator":{"name":"firestore"},"message":"Jun 24, 2026 1:59:46 PM io.gapi.emulators.netty.HttpVersionRoutingHandler channelRead\nINFO: Detected non-HTTP/2 connection.\n"}}
[debug] [2026-06-24T08:59:46.270Z] Jun 24, 2026 1:59:46 PM io.gapi.emulators.netty.HttpVersionRoutingHandler channelRead
INFO: Detected non-HTTP/2 connection.
 {"metadata":{"emulator":{"name":"firestore"},"message":"Jun 24, 2026 1:59:46 PM io.gapi.emulators.netty.HttpVersionRoutingHandler channelRead\nINFO: Detected non-HTTP/2 connection.\n"}}
[debug] [2026-06-24T08:59:50.722Z] Jun 24, 2026 1:59:50 PM io.gapi.emulators.netty.HttpVersionRoutingHandler channelRead
INFO: Detected non-HTTP/2 connection.
 {"metadata":{"emulator":{"name":"firestore"},"message":"Jun 24, 2026 1:59:50 PM io.gapi.emulators.netty.HttpVersionRoutingHandler channelRead\nINFO: Detected non-HTTP/2 connection.\n"}}
[debug] [2026-06-24T08:59:50.749Z] Jun 24, 2026 1:59:50 PM io.gapi.emulators.netty.HttpVersionRoutingHandler channelRead
INFO: Detected non-HTTP/2 connection.
 {"metadata":{"emulator":{"name":"firestore"},"message":"Jun 24, 2026 1:59:50 PM io.gapi.emulators.netty.HttpVersionRoutingHandler channelRead\nINFO: Detected non-HTTP/2 connection.\n"}}
[debug] [2026-06-24T08:59:52.730Z] Jun 24, 2026 1:59:52 PM io.gapi.emulators.netty.HttpVersionRoutingHandler channelRead
INFO: Detected non-HTTP/2 connection.
 {"metadata":{"emulator":{"name":"firestore"},"message":"Jun 24, 2026 1:59:52 PM io.gapi.emulators.netty.HttpVersionRoutingHandler channelRead\nINFO: Detected non-HTTP/2 connection.\n"}}
[debug] [2026-06-24T08:59:55.314Z] Jun 24, 2026 1:59:55 PM io.gapi.emulators.netty.HttpVersionRoutingHandler channelRead
INFO: Detected non-HTTP/2 connection.
 {"metadata":{"emulator":{"name":"firestore"},"message":"Jun 24, 2026 1:59:55 PM io.gapi.emulators.netty.HttpVersionRoutingHandler channelRead\nINFO: Detected non-HTTP/2 connection.\n"}}
[debug] [2026-06-24T08:59:55.360Z] Jun 24, 2026 1:59:55 PM io.gapi.emulators.netty.HttpVersionRoutingHandler channelRead
INFO: Detected non-HTTP/2 connection.
 {"metadata":{"emulator":{"name":"firestore"},"message":"Jun 24, 2026 1:59:55 PM io.gapi.emulators.netty.HttpVersionRoutingHandler channelRead\nINFO: Detected non-HTTP/2 connection.\n"}}
[debug] [2026-06-24T09:00:09.697Z] Jun 24, 2026 2:00:09 PM io.gapi.emulators.netty.HttpVersionRoutingHandler channelRead
INFO: Detected non-HTTP/2 connection.
 {"metadata":{"emulator":{"name":"firestore"},"message":"Jun 24, 2026 2:00:09 PM io.gapi.emulators.netty.HttpVersionRoutingHandler channelRead\nINFO: Detected non-HTTP/2 connection.\n"}}
[debug] [2026-06-24T09:00:16.316Z] Jun 24, 2026 2:00:16 PM io.gapi.emulators.netty.HttpVersionRoutingHandler channelRead
INFO: Detected non-HTTP/2 connection.
 {"metadata":{"emulator":{"name":"firestore"},"message":"Jun 24, 2026 2:00:16 PM io.gapi.emulators.netty.HttpVersionRoutingHandler channelRead\nINFO: Detected non-HTTP/2 connection.\n"}}
[debug] [2026-06-24T09:00:20.818Z] Jun 24, 2026 2:00:20 PM io.gapi.emulators.netty.HttpVersionRoutingHandler channelRead
INFO: Detected non-HTTP/2 connection.
 {"metadata":{"emulator":{"name":"firestore"},"message":"Jun 24, 2026 2:00:20 PM io.gapi.emulators.netty.HttpVersionRoutingHandler channelRead\nINFO: Detected non-HTTP/2 connection.\n"}}
[debug] [2026-06-24T09:00:21.536Z] Jun 24, 2026 2:00:21 PM io.gapi.emulators.netty.HttpVersionRoutingHandler channelRead
INFO: Detected non-HTTP/2 connection.
 {"metadata":{"emulator":{"name":"firestore"},"message":"Jun 24, 2026 2:00:21 PM io.gapi.emulators.netty.HttpVersionRoutingHandler channelRead\nINFO: Detected non-HTTP/2 connection.\n"}}
[debug] [2026-06-24T09:00:21.539Z] Jun 24, 2026 2:00:21 PM io.gapi.emulators.netty.HttpVersionRoutingHandler channelRead
INFO: Detected non-HTTP/2 connection.
 {"metadata":{"emulator":{"name":"firestore"},"message":"Jun 24, 2026 2:00:21 PM io.gapi.emulators.netty.HttpVersionRoutingHandler channelRead\nINFO: Detected non-HTTP/2 connection.\n"}}
[debug] [2026-06-24T09:00:21.601Z] 14:00:21.576 [NamespaceSystem-akka.actor.default-dispatcher-253] INFO com.firebase.core.namespace.DeadLetterResponder - Message DataPush(List(rooms, 3920, players, aGFyaXNAZ21haWwuY29t),com.firebase.util.data.SparseMergeRenderable@1798262734) meant for other actor akka://NamespaceSystem/user/cousins-party-2-default-rtdb/$g from akka://NamespaceSystem/deadLetters went to deadletter actor
 {"metadata":{"emulator":{"name":"database"},"message":"14:00:21.576 [NamespaceSystem-akka.actor.default-dispatcher-253] INFO com.firebase.core.namespace.DeadLetterResponder - Message DataPush(List(rooms, 3920, players, aGFyaXNAZ21haWwuY29t),com.firebase.util.data.SparseMergeRenderable@1798262734) meant for other actor akka://NamespaceSystem/user/cousins-party-2-default-rtdb/$g from akka://NamespaceSystem/deadLetters went to deadletter actor\n"}}
[debug] [2026-06-24T09:00:21.603Z] 14:00:21.596 [NamespaceSystem-akka.actor.default-dispatcher-253] INFO com.firebase.core.namespace.DeadLetterResponder - Message DataPush(List(rooms, 3920, players, cmFmYXlAZ21haWwuY29t),com.firebase.util.data.SparseMergeRenderable@619174093) meant for other actor akka://NamespaceSystem/user/cousins-party-2-default-rtdb/$g from akka://NamespaceSystem/deadLetters went to deadletter actor
 {"metadata":{"emulator":{"name":"database"},"message":"14:00:21.596 [NamespaceSystem-akka.actor.default-dispatcher-253] INFO com.firebase.core.namespace.DeadLetterResponder - Message DataPush(List(rooms, 3920, players, cmFmYXlAZ21haWwuY29t),com.firebase.util.data.SparseMergeRenderable@619174093) meant for other actor akka://NamespaceSystem/user/cousins-party-2-default-rtdb/$g from akka://NamespaceSystem/deadLetters went to deadletter actor\n"}}
[debug] [2026-06-24T09:00:26.269Z] Jun 24, 2026 2:00:26 PM io.gapi.emulators.netty.HttpVersionRoutingHandler channelRead
INFO: Detected non-HTTP/2 connection.
 {"metadata":{"emulator":{"name":"firestore"},"message":"Jun 24, 2026 2:00:26 PM io.gapi.emulators.netty.HttpVersionRoutingHandler channelRead\nINFO: Detected non-HTTP/2 connection.\n"}}
[debug] [2026-06-24T09:00:27.143Z] Jun 24, 2026 2:00:27 PM io.gapi.emulators.netty.HttpVersionRoutingHandler channelRead
INFO: Detected non-HTTP/2 connection.
 {"metadata":{"emulator":{"name":"firestore"},"message":"Jun 24, 2026 2:00:27 PM io.gapi.emulators.netty.HttpVersionRoutingHandler channelRead\nINFO: Detected non-HTTP/2 connection.\n"}}
[debug] [2026-06-24T09:00:27.156Z] Multiple projectIds are not recommended in single project mode. Requested project ID cousins-party-2, but the emulator is configured for demo-cousins. To opt-out of single project mode add/set the '"singleProjectMode": false' property in the firebase.json emulators config.
 {"metadata":{"emulator":{"name":"firestore"},"message":"Multiple projectIds are not recommended in single project mode. Requested project ID cousins-party-2, but the emulator is configured for demo-cousins. To opt-out of single project mode add/set the '\"singleProjectMode\": false' property in the firebase.json emulators config.\n"}}
[debug] [2026-06-24T09:00:27.158Z] Multiple projectIds are not recommended in single project mode. Requested project ID cousins-party-2, but the emulator is configured for demo-cousins. To opt-out of single project mode add/set the '"singleProjectMode": false' property in the firebase.json emulators config.
 {"metadata":{"emulator":{"name":"firestore"},"message":"Multiple projectIds are not recommended in single project mode. Requested project ID cousins-party-2, but the emulator is configured for demo-cousins. To opt-out of single project mode add/set the '\"singleProjectMode\": false' property in the firebase.json emulators config.\n"}}
[debug] [2026-06-24T09:00:27.199Z] Jun 24, 2026 2:00:27 PM io.gapi.emulators.netty.HttpVersionRoutingHandler channelRead
INFO: Detected non-HTTP/2 connection.
 {"metadata":{"emulator":{"name":"firestore"},"message":"Jun 24, 2026 2:00:27 PM io.gapi.emulators.netty.HttpVersionRoutingHandler channelRead\nINFO: Detected non-HTTP/2 connection.\n"}}
[debug] [2026-06-24T09:00:28.191Z] Jun 24, 2026 2:00:28 PM io.gapi.emulators.netty.HttpVersionRoutingHandler channelRead
INFO: Detected non-HTTP/2 connection.
 {"metadata":{"emulator":{"name":"firestore"},"message":"Jun 24, 2026 2:00:28 PM io.gapi.emulators.netty.HttpVersionRoutingHandler channelRead\nINFO: Detected non-HTTP/2 connection.\n"}}
[debug] [2026-06-24T09:00:32.132Z] Jun 24, 2026 2:00:32 PM io.gapi.emulators.netty.HttpVersionRoutingHandler channelRead
INFO: Detected non-HTTP/2 connection.
 {"metadata":{"emulator":{"name":"firestore"},"message":"Jun 24, 2026 2:00:32 PM io.gapi.emulators.netty.HttpVersionRoutingHandler channelRead\nINFO: Detected non-HTTP/2 connection.\n"}}
[debug] [2026-06-24T09:00:32.153Z] Jun 24, 2026 2:00:32 PM io.gapi.emulators.netty.HttpVersionRoutingHandler channelRead
INFO: Detected non-HTTP/2 connection.
 {"metadata":{"emulator":{"name":"firestore"},"message":"Jun 24, 2026 2:00:32 PM io.gapi.emulators.netty.HttpVersionRoutingHandler channelRead\nINFO: Detected non-HTTP/2 connection.\n"}}
[debug] [2026-06-24T09:00:35.115Z] Jun 24, 2026 2:00:35 PM io.gapi.emulators.netty.HttpVersionRoutingHandler channelRead
INFO: Detected non-HTTP/2 connection.
 {"metadata":{"emulator":{"name":"firestore"},"message":"Jun 24, 2026 2:00:35 PM io.gapi.emulators.netty.HttpVersionRoutingHandler channelRead\nINFO: Detected non-HTTP/2 connection.\n"}}
[debug] [2026-06-24T09:00:35.125Z] Multiple projectIds are not recommended in single project mode. Requested project ID cousins-party-2, but the emulator is configured for demo-cousins. To opt-out of single project mode add/set the '"singleProjectMode": false' property in the firebase.json emulators config.
 {"metadata":{"emulator":{"name":"firestore"},"message":"Multiple projectIds are not recommended in single project mode. Requested project ID cousins-party-2, but the emulator is configured for demo-cousins. To opt-out of single project mode add/set the '\"singleProjectMode\": false' property in the firebase.json emulators config.\n"}}
[debug] [2026-06-24T09:00:35.125Z] Multiple projectIds are not recommended in single project mode. Requested project ID cousins-party-2, but the emulator is configured for demo-cousins. To opt-out of single project mode add/set the '"singleProjectMode": false' property in the firebase.json emulators config.
 {"metadata":{"emulator":{"name":"firestore"},"message":"Multiple projectIds are not recommended in single project mode. Requested project ID cousins-party-2, but the emulator is configured for demo-cousins. To opt-out of single project mode add/set the '\"singleProjectMode\": false' property in the firebase.json emulators config.\n"}}
[debug] [2026-06-24T09:00:35.161Z] Jun 24, 2026 2:00:35 PM io.gapi.emulators.netty.HttpVersionRoutingHandler channelRead
INFO: Detected non-HTTP/2 connection.
 {"metadata":{"emulator":{"name":"firestore"},"message":"Jun 24, 2026 2:00:35 PM io.gapi.emulators.netty.HttpVersionRoutingHandler channelRead\nINFO: Detected non-HTTP/2 connection.\n"}}
[debug] [2026-06-24T09:00:35.501Z] Jun 24, 2026 2:00:35 PM io.gapi.emulators.netty.HttpVersionRoutingHandler channelRead
INFO: Detected non-HTTP/2 connection.
 {"metadata":{"emulator":{"name":"firestore"},"message":"Jun 24, 2026 2:00:35 PM io.gapi.emulators.netty.HttpVersionRoutingHandler channelRead\nINFO: Detected non-HTTP/2 connection.\n"}}
[debug] [2026-06-24T09:00:35.526Z] Jun 24, 2026 2:00:35 PM io.gapi.emulators.netty.HttpVersionRoutingHandler channelRead
INFO: Detected non-HTTP/2 connection.
 {"metadata":{"emulator":{"name":"firestore"},"message":"Jun 24, 2026 2:00:35 PM io.gapi.emulators.netty.HttpVersionRoutingHandler channelRead\nINFO: Detected non-HTTP/2 connection.\n"}}
[debug] [2026-06-24T09:00:38.263Z] Jun 24, 2026 2:00:38 PM io.gapi.emulators.netty.HttpVersionRoutingHandler channelRead
INFO: Detected non-HTTP/2 connection.
 {"metadata":{"emulator":{"name":"firestore"},"message":"Jun 24, 2026 2:00:38 PM io.gapi.emulators.netty.HttpVersionRoutingHandler channelRead\nINFO: Detected non-HTTP/2 connection.\n"}}
[debug] [2026-06-24T09:00:38.273Z] Jun 24, 2026 2:00:38 PM io.gapi.emulators.netty.HttpVersionRoutingHandler channelRead
INFO: Detected non-HTTP/2 connection.
 {"metadata":{"emulator":{"name":"firestore"},"message":"Jun 24, 2026 2:00:38 PM io.gapi.emulators.netty.HttpVersionRoutingHandler channelRead\nINFO: Detected non-HTTP/2 connection.\n"}}
[debug] [2026-06-24T09:00:39.362Z] Jun 24, 2026 2:00:39 PM io.gapi.emulators.netty.HttpVersionRoutingHandler channelRead
INFO: Detected non-HTTP/2 connection.
 {"metadata":{"emulator":{"name":"firestore"},"message":"Jun 24, 2026 2:00:39 PM io.gapi.emulators.netty.HttpVersionRoutingHandler channelRead\nINFO: Detected non-HTTP/2 connection.\n"}}
[debug] [2026-06-24T09:00:39.385Z] Jun 24, 2026 2:00:39 PM io.gapi.emulators.netty.HttpVersionRoutingHandler channelRead
INFO: Detected non-HTTP/2 connection.
 {"metadata":{"emulator":{"name":"firestore"},"message":"Jun 24, 2026 2:00:39 PM io.gapi.emulators.netty.HttpVersionRoutingHandler channelRead\nINFO: Detected non-HTTP/2 connection.\n"}}
[debug] [2026-06-24T09:00:39.386Z] Jun 24, 2026 2:00:39 PM io.gapi.emulators.netty.HttpVersionRoutingHandler channelRead
INFO: Detected non-HTTP/2 connection.
 {"metadata":{"emulator":{"name":"firestore"},"message":"Jun 24, 2026 2:00:39 PM io.gapi.emulators.netty.HttpVersionRoutingHandler channelRead\nINFO: Detected non-HTTP/2 connection.\n"}}
[debug] [2026-06-24T09:00:39.389Z] Multiple projectIds are not recommended in single project mode. Requested project ID cousins-party-2, but the emulator is configured for demo-cousins. To opt-out of single project mode add/set the '"singleProjectMode": false' property in the firebase.json emulators config.
 {"metadata":{"emulator":{"name":"firestore"},"message":"Multiple projectIds are not recommended in single project mode. Requested project ID cousins-party-2, but the emulator is configured for demo-cousins. To opt-out of single project mode add/set the '\"singleProjectMode\": false' property in the firebase.json emulators config.\n"}}
[debug] [2026-06-24T09:00:39.389Z] Multiple projectIds are not recommended in single project mode. Requested project ID cousins-party-2, but the emulator is configured for demo-cousins. To opt-out of single project mode add/set the '"singleProjectMode": false' property in the firebase.json emulators config.
 {"metadata":{"emulator":{"name":"firestore"},"message":"Multiple projectIds are not recommended in single project mode. Requested project ID cousins-party-2, but the emulator is configured for demo-cousins. To opt-out of single project mode add/set the '\"singleProjectMode\": false' property in the firebase.json emulators config.\n"}}
[debug] [2026-06-24T09:00:39.391Z] Jun 24, 2026 2:00:39 PM io.gapi.emulators.netty.HttpVersionRoutingHandler channelRead
INFO: Detected non-HTTP/2 connection.
 {"metadata":{"emulator":{"name":"firestore"},"message":"Jun 24, 2026 2:00:39 PM io.gapi.emulators.netty.HttpVersionRoutingHandler channelRead\nINFO: Detected non-HTTP/2 connection.\n"}}
[debug] [2026-06-24T09:00:39.395Z] Jun 24, 2026 2:00:39 PM io.gapi.emulators.netty.HttpVersionRoutingHandler channelRead
INFO: Detected non-HTTP/2 connection.
 {"metadata":{"emulator":{"name":"firestore"},"message":"Jun 24, 2026 2:00:39 PM io.gapi.emulators.netty.HttpVersionRoutingHandler channelRead\nINFO: Detected non-HTTP/2 connection.\n"}}
[debug] [2026-06-24T09:00:39.716Z] Jun 24, 2026 2:00:39 PM io.gapi.emulators.netty.HttpVersionRoutingHandler channelRead
INFO: Detected non-HTTP/2 connection.
 {"metadata":{"emulator":{"name":"firestore"},"message":"Jun 24, 2026 2:00:39 PM io.gapi.emulators.netty.HttpVersionRoutingHandler channelRead\nINFO: Detected non-HTTP/2 connection.\n"}}
[debug] [2026-06-24T09:00:39.723Z] Jun 24, 2026 2:00:39 PM io.gapi.emulators.netty.HttpVersionRoutingHandler channelRead
INFO: Detected non-HTTP/2 connection.
 {"metadata":{"emulator":{"name":"firestore"},"message":"Jun 24, 2026 2:00:39 PM io.gapi.emulators.netty.HttpVersionRoutingHandler channelRead\nINFO: Detected non-HTTP/2 connection.\n"}}
[debug] [2026-06-24T09:00:47.570Z] Jun 24, 2026 2:00:47 PM io.gapi.emulators.netty.HttpVersionRoutingHandler channelRead
INFO: Detected non-HTTP/2 connection.
 {"metadata":{"emulator":{"name":"firestore"},"message":"Jun 24, 2026 2:00:47 PM io.gapi.emulators.netty.HttpVersionRoutingHandler channelRead\nINFO: Detected non-HTTP/2 connection.\n"}}
[debug] [2026-06-24T09:00:47.585Z] Jun 24, 2026 2:00:47 PM io.gapi.emulators.netty.HttpVersionRoutingHandler channelRead
INFO: Detected non-HTTP/2 connection.
 {"metadata":{"emulator":{"name":"firestore"},"message":"Jun 24, 2026 2:00:47 PM io.gapi.emulators.netty.HttpVersionRoutingHandler channelRead\nINFO: Detected non-HTTP/2 connection.\n"}}
[debug] [2026-06-24T09:00:52.909Z] Jun 24, 2026 2:00:52 PM io.gapi.emulators.netty.HttpVersionRoutingHandler channelRead
INFO: Detected non-HTTP/2 connection.
 {"metadata":{"emulator":{"name":"firestore"},"message":"Jun 24, 2026 2:00:52 PM io.gapi.emulators.netty.HttpVersionRoutingHandler channelRead\nINFO: Detected non-HTTP/2 connection.\n"}}
[debug] [2026-06-24T09:00:52.940Z] Jun 24, 2026 2:00:52 PM io.gapi.emulators.netty.HttpVersionRoutingHandler channelRead
INFO: Detected non-HTTP/2 connection.
 {"metadata":{"emulator":{"name":"firestore"},"message":"Jun 24, 2026 2:00:52 PM io.gapi.emulators.netty.HttpVersionRoutingHandler channelRead\nINFO: Detected non-HTTP/2 connection.\n"}}
[debug] [2026-06-24T09:00:57.977Z] Jun 24, 2026 2:00:57 PM io.gapi.emulators.netty.HttpVersionRoutingHandler channelRead
INFO: Detected non-HTTP/2 connection.
 {"metadata":{"emulator":{"name":"firestore"},"message":"Jun 24, 2026 2:00:57 PM io.gapi.emulators.netty.HttpVersionRoutingHandler channelRead\nINFO: Detected non-HTTP/2 connection.\n"}}
[debug] [2026-06-24T09:00:58.005Z] Jun 24, 2026 2:00:58 PM io.gapi.emulators.netty.HttpVersionRoutingHandler channelRead
INFO: Detected non-HTTP/2 connection.
 {"metadata":{"emulator":{"name":"firestore"},"message":"Jun 24, 2026 2:00:58 PM io.gapi.emulators.netty.HttpVersionRoutingHandler channelRead\nINFO: Detected non-HTTP/2 connection.\n"}}
[debug] [2026-06-24T09:00:58.006Z] Jun 24, 2026 2:00:58 PM io.gapi.emulators.netty.HttpVersionRoutingHandler channelRead
INFO: Detected non-HTTP/2 connection.
 {"metadata":{"emulator":{"name":"firestore"},"message":"Jun 24, 2026 2:00:58 PM io.gapi.emulators.netty.HttpVersionRoutingHandler channelRead\nINFO: Detected non-HTTP/2 connection.\n"}}
[debug] [2026-06-24T09:01:03.578Z] Jun 24, 2026 2:01:03 PM io.gapi.emulators.netty.HttpVersionRoutingHandler channelRead
INFO: Detected non-HTTP/2 connection.
 {"metadata":{"emulator":{"name":"firestore"},"message":"Jun 24, 2026 2:01:03 PM io.gapi.emulators.netty.HttpVersionRoutingHandler channelRead\nINFO: Detected non-HTTP/2 connection.\n"}}
[debug] [2026-06-24T09:01:03.645Z] Jun 24, 2026 2:01:03 PM io.gapi.emulators.netty.HttpVersionRoutingHandler channelRead
INFO: Detected non-HTTP/2 connection.
 {"metadata":{"emulator":{"name":"firestore"},"message":"Jun 24, 2026 2:01:03 PM io.gapi.emulators.netty.HttpVersionRoutingHandler channelRead\nINFO: Detected non-HTTP/2 connection.\n"}}
[debug] [2026-06-24T09:01:06.847Z] Jun 24, 2026 2:01:06 PM io.gapi.emulators.netty.HttpVersionRoutingHandler channelRead
INFO: Detected non-HTTP/2 connection.
 {"metadata":{"emulator":{"name":"firestore"},"message":"Jun 24, 2026 2:01:06 PM io.gapi.emulators.netty.HttpVersionRoutingHandler channelRead\nINFO: Detected non-HTTP/2 connection.\n"}}
[debug] [2026-06-24T09:01:06.854Z] Jun 24, 2026 2:01:06 PM io.gapi.emulators.netty.HttpVersionRoutingHandler channelRead
INFO: Detected non-HTTP/2 connection.
 {"metadata":{"emulator":{"name":"firestore"},"message":"Jun 24, 2026 2:01:06 PM io.gapi.emulators.netty.HttpVersionRoutingHandler channelRead\nINFO: Detected non-HTTP/2 connection.\n"}}
[debug] [2026-06-24T09:01:09.378Z] Jun 24, 2026 2:01:09 PM io.gapi.emulators.netty.HttpVersionRoutingHandler channelRead
INFO: Detected non-HTTP/2 connection.
 {"metadata":{"emulator":{"name":"firestore"},"message":"Jun 24, 2026 2:01:09 PM io.gapi.emulators.netty.HttpVersionRoutingHandler channelRead\nINFO: Detected non-HTTP/2 connection.\n"}}
[debug] [2026-06-24T09:01:09.398Z] Jun 24, 2026 2:01:09 PM io.gapi.emulators.netty.HttpVersionRoutingHandler channelRead
INFO: Detected non-HTTP/2 connection.
 {"metadata":{"emulator":{"name":"firestore"},"message":"Jun 24, 2026 2:01:09 PM io.gapi.emulators.netty.HttpVersionRoutingHandler channelRead\nINFO: Detected non-HTTP/2 connection.\n"}}
[debug] [2026-06-24T09:01:10.339Z] Jun 24, 2026 2:01:10 PM io.gapi.emulators.netty.HttpVersionRoutingHandler channelRead
INFO: Detected non-HTTP/2 connection.
 {"metadata":{"emulator":{"name":"firestore"},"message":"Jun 24, 2026 2:01:10 PM io.gapi.emulators.netty.HttpVersionRoutingHandler channelRead\nINFO: Detected non-HTTP/2 connection.\n"}}
[debug] [2026-06-24T09:01:10.355Z] Jun 24, 2026 2:01:10 PM io.gapi.emulators.netty.HttpVersionRoutingHandler channelRead
INFO: Detected non-HTTP/2 connection.
Jun 24, 2026 2:01:10 PM io.gapi.emulators.netty.HttpVersionRoutingHandler channelRead
INFO: Detected non-HTTP/2 connection.
 {"metadata":{"emulator":{"name":"firestore"},"message":"Jun 24, 2026 2:01:10 PM io.gapi.emulators.netty.HttpVersionRoutingHandler channelRead\nINFO: Detected non-HTTP/2 connection.\nJun 24, 2026 2:01:10 PM io.gapi.emulators.netty.HttpVersionRoutingHandler channelRead\nINFO: Detected non-HTTP/2 connection.\n"}}
[debug] [2026-06-24T09:01:11.888Z] Jun 24, 2026 2:01:11 PM io.gapi.emulators.netty.HttpVersionRoutingHandler channelRead
INFO: Detected non-HTTP/2 connection.
 {"metadata":{"emulator":{"name":"firestore"},"message":"Jun 24, 2026 2:01:11 PM io.gapi.emulators.netty.HttpVersionRoutingHandler channelRead\nINFO: Detected non-HTTP/2 connection.\n"}}
[debug] [2026-06-24T09:01:11.899Z] Jun 24, 2026 2:01:11 PM io.gapi.emulators.netty.HttpVersionRoutingHandler channelRead
INFO: Detected non-HTTP/2 connection.
 {"metadata":{"emulator":{"name":"firestore"},"message":"Jun 24, 2026 2:01:11 PM io.gapi.emulators.netty.HttpVersionRoutingHandler channelRead\nINFO: Detected non-HTTP/2 connection.\n"}}
[debug] [2026-06-24T09:01:19.636Z] Jun 24, 2026 2:01:19 PM io.gapi.emulators.netty.HttpVersionRoutingHandler channelRead
INFO: Detected non-HTTP/2 connection.
 {"metadata":{"emulator":{"name":"firestore"},"message":"Jun 24, 2026 2:01:19 PM io.gapi.emulators.netty.HttpVersionRoutingHandler channelRead\nINFO: Detected non-HTTP/2 connection.\n"}}
[debug] [2026-06-24T09:01:19.729Z] Jun 24, 2026 2:01:19 PM io.gapi.emulators.netty.HttpVersionRoutingHandler channelRead
INFO: Detected non-HTTP/2 connection.
 {"metadata":{"emulator":{"name":"firestore"},"message":"Jun 24, 2026 2:01:19 PM io.gapi.emulators.netty.HttpVersionRoutingHandler channelRead\nINFO: Detected non-HTTP/2 connection.\n"}}
[debug] [2026-06-24T09:01:24.325Z] Jun 24, 2026 2:01:24 PM io.gapi.emulators.netty.HttpVersionRoutingHandler channelRead
INFO: Detected non-HTTP/2 connection.
 {"metadata":{"emulator":{"name":"firestore"},"message":"Jun 24, 2026 2:01:24 PM io.gapi.emulators.netty.HttpVersionRoutingHandler channelRead\nINFO: Detected non-HTTP/2 connection.\n"}}
[debug] [2026-06-24T09:01:24.332Z] Multiple projectIds are not recommended in single project mode. Requested project ID cousins-party-2, but the emulator is configured for demo-cousins. To opt-out of single project mode add/set the '"singleProjectMode": false' property in the firebase.json emulators config.
 {"metadata":{"emulator":{"name":"firestore"},"message":"Multiple projectIds are not recommended in single project mode. Requested project ID cousins-party-2, but the emulator is configured for demo-cousins. To opt-out of single project mode add/set the '\"singleProjectMode\": false' property in the firebase.json emulators config.\n"}}
[debug] [2026-06-24T09:01:24.332Z] Multiple projectIds are not recommended in single project mode. Requested project ID cousins-party-2, but the emulator is configured for demo-cousins. To opt-out of single project mode add/set the '"singleProjectMode": false' property in the firebase.json emulators config.
 {"metadata":{"emulator":{"name":"firestore"},"message":"Multiple projectIds are not recommended in single project mode. Requested project ID cousins-party-2, but the emulator is configured for demo-cousins. To opt-out of single project mode add/set the '\"singleProjectMode\": false' property in the firebase.json emulators config.\n"}}
[debug] [2026-06-24T09:01:24.337Z] Jun 24, 2026 2:01:24 PM io.gapi.emulators.netty.HttpVersionRoutingHandler channelRead
INFO: Detected non-HTTP/2 connection.
 {"metadata":{"emulator":{"name":"firestore"},"message":"Jun 24, 2026 2:01:24 PM io.gapi.emulators.netty.HttpVersionRoutingHandler channelRead\nINFO: Detected non-HTTP/2 connection.\n"}}
[debug] [2026-06-24T09:01:24.341Z] Jun 24, 2026 2:01:24 PM io.gapi.emulators.netty.HttpVersionRoutingHandler channelRead
INFO: Detected non-HTTP/2 connection.
 {"metadata":{"emulator":{"name":"firestore"},"message":"Jun 24, 2026 2:01:24 PM io.gapi.emulators.netty.HttpVersionRoutingHandler channelRead\nINFO: Detected non-HTTP/2 connection.\n"}}
[debug] [2026-06-24T09:01:24.359Z] Jun 24, 2026 2:01:24 PM io.gapi.emulators.netty.HttpVersionRoutingHandler channelRead
INFO: Detected non-HTTP/2 connection.
 {"metadata":{"emulator":{"name":"firestore"},"message":"Jun 24, 2026 2:01:24 PM io.gapi.emulators.netty.HttpVersionRoutingHandler channelRead\nINFO: Detected non-HTTP/2 connection.\n"}}
[debug] [2026-06-24T09:01:28.856Z] Jun 24, 2026 2:01:28 PM io.gapi.emulators.netty.HttpVersionRoutingHandler channelRead
INFO: Detected non-HTTP/2 connection.
 {"metadata":{"emulator":{"name":"firestore"},"message":"Jun 24, 2026 2:01:28 PM io.gapi.emulators.netty.HttpVersionRoutingHandler channelRead\nINFO: Detected non-HTTP/2 connection.\n"}}
[debug] [2026-06-24T09:01:28.863Z] Multiple projectIds are not recommended in single project mode. Requested project ID cousins-party-2, but the emulator is configured for demo-cousins. To opt-out of single project mode add/set the '"singleProjectMode": false' property in the firebase.json emulators config.
Multiple projectIds are not recommended in single project mode. Requested project ID cousins-party-2, but the emulator is configured for demo-cousins. To opt-out of single project mode add/set the '"singleProjectMode": false' property in the firebase.json emulators config.
 {"metadata":{"emulator":{"name":"firestore"},"message":"Multiple projectIds are not recommended in single project mode. Requested project ID cousins-party-2, but the emulator is configured for demo-cousins. To opt-out of single project mode add/set the '\"singleProjectMode\": false' property in the firebase.json emulators config.\nMultiple projectIds are not recommended in single project mode. Requested project ID cousins-party-2, but the emulator is configured for demo-cousins. To opt-out of single project mode add/set the '\"singleProjectMode\": false' property in the firebase.json emulators config.\n"}}
[debug] [2026-06-24T09:01:28.867Z] Jun 24, 2026 2:01:28 PM io.gapi.emulators.netty.HttpVersionRoutingHandler channelRead
INFO: Detected non-HTTP/2 connection.
 {"metadata":{"emulator":{"name":"firestore"},"message":"Jun 24, 2026 2:01:28 PM io.gapi.emulators.netty.HttpVersionRoutingHandler channelRead\nINFO: Detected non-HTTP/2 connection.\n"}}
[debug] [2026-06-24T09:01:28.872Z] Jun 24, 2026 2:01:28 PM io.gapi.emulators.netty.HttpVersionRoutingHandler channelRead
INFO: Detected non-HTTP/2 connection.
 {"metadata":{"emulator":{"name":"firestore"},"message":"Jun 24, 2026 2:01:28 PM io.gapi.emulators.netty.HttpVersionRoutingHandler channelRead\nINFO: Detected non-HTTP/2 connection.\n"}}
[debug] [2026-06-24T09:01:32.982Z] Jun 24, 2026 2:01:32 PM io.gapi.emulators.netty.HttpVersionRoutingHandler channelRead
INFO: Detected non-HTTP/2 connection.
 {"metadata":{"emulator":{"name":"firestore"},"message":"Jun 24, 2026 2:01:32 PM io.gapi.emulators.netty.HttpVersionRoutingHandler channelRead\nINFO: Detected non-HTTP/2 connection.\n"}}
[debug] [2026-06-24T09:01:32.989Z] Multiple projectIds are not recommended in single project mode. Requested project ID cousins-party-2, but the emulator is configured for demo-cousins. To opt-out of single project mode add/set the '"singleProjectMode": false' property in the firebase.json emulators config.
 {"metadata":{"emulator":{"name":"firestore"},"message":"Multiple projectIds are not recommended in single project mode. Requested project ID cousins-party-2, but the emulator is configured for demo-cousins. To opt-out of single project mode add/set the '\"singleProjectMode\": false' property in the firebase.json emulators config.\n"}}
[debug] [2026-06-24T09:01:32.990Z] Multiple projectIds are not recommended in single project mode. Requested project ID cousins-party-2, but the emulator is configured for demo-cousins. To opt-out of single project mode add/set the '"singleProjectMode": false' property in the firebase.json emulators config.
 {"metadata":{"emulator":{"name":"firestore"},"message":"Multiple projectIds are not recommended in single project mode. Requested project ID cousins-party-2, but the emulator is configured for demo-cousins. To opt-out of single project mode add/set the '\"singleProjectMode\": false' property in the firebase.json emulators config.\n"}}
[debug] [2026-06-24T09:01:32.994Z] Jun 24, 2026 2:01:32 PM io.gapi.emulators.netty.HttpVersionRoutingHandler channelRead
INFO: Detected non-HTTP/2 connection.
 {"metadata":{"emulator":{"name":"firestore"},"message":"Jun 24, 2026 2:01:32 PM io.gapi.emulators.netty.HttpVersionRoutingHandler channelRead\nINFO: Detected non-HTTP/2 connection.\n"}}
[debug] [2026-06-24T09:01:32.999Z] Jun 24, 2026 2:01:32 PM io.gapi.emulators.netty.HttpVersionRoutingHandler channelRead
INFO: Detected non-HTTP/2 connection.
 {"metadata":{"emulator":{"name":"firestore"},"message":"Jun 24, 2026 2:01:32 PM io.gapi.emulators.netty.HttpVersionRoutingHandler channelRead\nINFO: Detected non-HTTP/2 connection.\n"}}
[debug] [2026-06-24T09:01:36.227Z] Jun 24, 2026 2:01:36 PM io.gapi.emulators.netty.HttpVersionRoutingHandler channelRead
INFO: Detected non-HTTP/2 connection.
 {"metadata":{"emulator":{"name":"firestore"},"message":"Jun 24, 2026 2:01:36 PM io.gapi.emulators.netty.HttpVersionRoutingHandler channelRead\nINFO: Detected non-HTTP/2 connection.\n"}}
[debug] [2026-06-24T09:01:36.248Z] Jun 24, 2026 2:01:36 PM io.gapi.emulators.netty.HttpVersionRoutingHandler channelRead
INFO: Detected non-HTTP/2 connection.
 {"metadata":{"emulator":{"name":"firestore"},"message":"Jun 24, 2026 2:01:36 PM io.gapi.emulators.netty.HttpVersionRoutingHandler channelRead\nINFO: Detected non-HTTP/2 connection.\n"}}
[debug] [2026-06-24T09:01:36.430Z] Jun 24, 2026 2:01:36 PM io.grpc.netty.TcpMetrics loadEpollInfo
INFO: Epoll available during static init of TcpMetrics:false
 {"metadata":{"emulator":{"name":"firestore"},"message":"Jun 24, 2026 2:01:36 PM io.grpc.netty.TcpMetrics loadEpollInfo\nINFO: Epoll available during static init of TcpMetrics:false\n"}}
[debug] [2026-06-24T09:01:36.439Z] Jun 24, 2026 2:01:36 PM io.gapi.emulators.netty.HttpVersionRoutingHandler channelRead
INFO: Detected HTTP/2 connection.
 {"metadata":{"emulator":{"name":"firestore"},"message":"Jun 24, 2026 2:01:36 PM io.gapi.emulators.netty.HttpVersionRoutingHandler channelRead\nINFO: Detected HTTP/2 connection.\n"}}
[debug] [2026-06-24T09:01:36.490Z] Multiple projectIds are not recommended in single project mode. Requested project ID cousins-party-2, but the emulator is configured for demo-cousins. To opt-out of single project mode add/set the '"singleProjectMode": false' property in the firebase.json emulators config.
 {"metadata":{"emulator":{"name":"firestore"},"message":"Multiple projectIds are not recommended in single project mode. Requested project ID cousins-party-2, but the emulator is configured for demo-cousins. To opt-out of single project mode add/set the '\"singleProjectMode\": false' property in the firebase.json emulators config.\n"}}
[debug] [2026-06-24T09:01:36.490Z] Multiple projectIds are not recommended in single project mode. Requested project ID cousins-party-2, but the emulator is configured for demo-cousins. To opt-out of single project mode add/set the '"singleProjectMode": false' property in the firebase.json emulators config.
 {"metadata":{"emulator":{"name":"firestore"},"message":"Multiple projectIds are not recommended in single project mode. Requested project ID cousins-party-2, but the emulator is configured for demo-cousins. To opt-out of single project mode add/set the '\"singleProjectMode\": false' property in the firebase.json emulators config.\n"}}
[debug] [2026-06-24T09:01:36.534Z] Multiple projectIds are not recommended in single project mode. Requested project ID cousins-party-2, but the emulator is configured for demo-cousins. To opt-out of single project mode add/set the '"singleProjectMode": false' property in the firebase.json emulators config.
Multiple projectIds are not recommended in single project mode. Requested project ID cousins-party-2, but the emulator is configured for demo-cousins. To opt-out of single project mode add/set the '"singleProjectMode": false' property in the firebase.json emulators config.
 {"metadata":{"emulator":{"name":"firestore"},"message":"Multiple projectIds are not recommended in single project mode. Requested project ID cousins-party-2, but the emulator is configured for demo-cousins. To opt-out of single project mode add/set the '\"singleProjectMode\": false' property in the firebase.json emulators config.\nMultiple projectIds are not recommended in single project mode. Requested project ID cousins-party-2, but the emulator is configured for demo-cousins. To opt-out of single project mode add/set the '\"singleProjectMode\": false' property in the firebase.json emulators config.\n"}}
[debug] [2026-06-24T09:01:46.582Z] Jun 24, 2026 2:01:46 PM io.gapi.emulators.netty.HttpVersionRoutingHandler channelRead
INFO: Detected non-HTTP/2 connection.
 {"metadata":{"emulator":{"name":"firestore"},"message":"Jun 24, 2026 2:01:46 PM io.gapi.emulators.netty.HttpVersionRoutingHandler channelRead\nINFO: Detected non-HTTP/2 connection.\n"}}
[debug] [2026-06-24T09:01:46.591Z] Jun 24, 2026 2:01:46 PM io.gapi.emulators.netty.HttpVersionRoutingHandler channelRead
INFO: Detected non-HTTP/2 connection.
 {"metadata":{"emulator":{"name":"firestore"},"message":"Jun 24, 2026 2:01:46 PM io.gapi.emulators.netty.HttpVersionRoutingHandler channelRead\nINFO: Detected non-HTTP/2 connection.\n"}}
[debug] [2026-06-24T09:01:52.059Z] Jun 24, 2026 2:01:52 PM io.gapi.emulators.netty.HttpVersionRoutingHandler channelRead
INFO: Detected non-HTTP/2 connection.
 {"metadata":{"emulator":{"name":"firestore"},"message":"Jun 24, 2026 2:01:52 PM io.gapi.emulators.netty.HttpVersionRoutingHandler channelRead\nINFO: Detected non-HTTP/2 connection.\n"}}
[debug] [2026-06-24T09:02:01.975Z] Jun 24, 2026 2:02:01 PM io.gapi.emulators.netty.HttpVersionRoutingHandler channelRead
INFO: Detected non-HTTP/2 connection.
 {"metadata":{"emulator":{"name":"firestore"},"message":"Jun 24, 2026 2:02:01 PM io.gapi.emulators.netty.HttpVersionRoutingHandler channelRead\nINFO: Detected non-HTTP/2 connection.\n"}}
[debug] [2026-06-24T09:02:02.025Z] Jun 24, 2026 2:02:02 PM io.gapi.emulators.netty.HttpVersionRoutingHandler channelRead
INFO: Detected non-HTTP/2 connection.
 {"metadata":{"emulator":{"name":"firestore"},"message":"Jun 24, 2026 2:02:02 PM io.gapi.emulators.netty.HttpVersionRoutingHandler channelRead\nINFO: Detected non-HTTP/2 connection.\n"}}
[debug] [2026-06-24T09:02:04.258Z] Jun 24, 2026 2:02:04 PM io.gapi.emulators.netty.HttpVersionRoutingHandler channelRead
INFO: Detected non-HTTP/2 connection.
 {"metadata":{"emulator":{"name":"firestore"},"message":"Jun 24, 2026 2:02:04 PM io.gapi.emulators.netty.HttpVersionRoutingHandler channelRead\nINFO: Detected non-HTTP/2 connection.\n"}}
[debug] [2026-06-24T09:02:04.277Z] Multiple projectIds are not recommended in single project mode. Requested project ID cousins-party-2, but the emulator is configured for demo-cousins. To opt-out of single project mode add/set the '"singleProjectMode": false' property in the firebase.json emulators config.
 {"metadata":{"emulator":{"name":"firestore"},"message":"Multiple projectIds are not recommended in single project mode. Requested project ID cousins-party-2, but the emulator is configured for demo-cousins. To opt-out of single project mode add/set the '\"singleProjectMode\": false' property in the firebase.json emulators config.\n"}}
[debug] [2026-06-24T09:02:04.277Z] Multiple projectIds are not recommended in single project mode. Requested project ID cousins-party-2, but the emulator is configured for demo-cousins. To opt-out of single project mode add/set the '"singleProjectMode": false' property in the firebase.json emulators config.
 {"metadata":{"emulator":{"name":"firestore"},"message":"Multiple projectIds are not recommended in single project mode. Requested project ID cousins-party-2, but the emulator is configured for demo-cousins. To opt-out of single project mode add/set the '\"singleProjectMode\": false' property in the firebase.json emulators config.\n"}}
[debug] [2026-06-24T09:02:04.304Z] Multiple projectIds are not recommended in single project mode. Requested project ID cousins-party-2, but the emulator is configured for demo-cousins. To opt-out of single project mode add/set the '"singleProjectMode": false' property in the firebase.json emulators config.
 {"metadata":{"emulator":{"name":"firestore"},"message":"Multiple projectIds are not recommended in single project mode. Requested project ID cousins-party-2, but the emulator is configured for demo-cousins. To opt-out of single project mode add/set the '\"singleProjectMode\": false' property in the firebase.json emulators config.\n"}}
[debug] [2026-06-24T09:02:04.308Z] Multiple projectIds are not recommended in single project mode. Requested project ID cousins-party-2, but the emulator is configured for demo-cousins. To opt-out of single project mode add/set the '"singleProjectMode": false' property in the firebase.json emulators config.
 {"metadata":{"emulator":{"name":"firestore"},"message":"Multiple projectIds are not recommended in single project mode. Requested project ID cousins-party-2, but the emulator is configured for demo-cousins. To opt-out of single project mode add/set the '\"singleProjectMode\": false' property in the firebase.json emulators config.\n"}}
[debug] [2026-06-24T09:02:12.668Z] Multiple projectIds are not recommended in single project mode. Requested project ID cousins-party-2, but the emulator is configured for demo-cousins. To opt-out of single project mode add/set the '"singleProjectMode": false' property in the firebase.json emulators config.
Multiple projectIds are not recommended in single project mode. Requested project ID cousins-party-2, but the emulator is configured for demo-cousins. To opt-out of single project mode add/set the '"singleProjectMode": false' property in the firebase.json emulators config.
 {"metadata":{"emulator":{"name":"firestore"},"message":"Multiple projectIds are not recommended in single project mode. Requested project ID cousins-party-2, but the emulator is configured for demo-cousins. To opt-out of single project mode add/set the '\"singleProjectMode\": false' property in the firebase.json emulators config.\nMultiple projectIds are not recommended in single project mode. Requested project ID cousins-party-2, but the emulator is configured for demo-cousins. To opt-out of single project mode add/set the '\"singleProjectMode\": false' property in the firebase.json emulators config.\n"}}
[debug] [2026-06-24T09:02:12.690Z] Multiple projectIds are not recommended in single project mode. Requested project ID cousins-party-2, but the emulator is configured for demo-cousins. To opt-out of single project mode add/set the '"singleProjectMode": false' property in the firebase.json emulators config.
 {"metadata":{"emulator":{"name":"firestore"},"message":"Multiple projectIds are not recommended in single project mode. Requested project ID cousins-party-2, but the emulator is configured for demo-cousins. To opt-out of single project mode add/set the '\"singleProjectMode\": false' property in the firebase.json emulators config.\n"}}
[debug] [2026-06-24T09:02:12.690Z] Multiple projectIds are not recommended in single project mode. Requested project ID cousins-party-2, but the emulator is configured for demo-cousins. To opt-out of single project mode add/set the '"singleProjectMode": false' property in the firebase.json emulators config.
 {"metadata":{"emulator":{"name":"firestore"},"message":"Multiple projectIds are not recommended in single project mode. Requested project ID cousins-party-2, but the emulator is configured for demo-cousins. To opt-out of single project mode add/set the '\"singleProjectMode\": false' property in the firebase.json emulators config.\n"}}
[debug] [2026-06-24T09:02:12.701Z] Jun 24, 2026 2:02:12 PM io.gapi.emulators.netty.HttpVersionRoutingHandler channelRead
INFO: Detected non-HTTP/2 connection.
 {"metadata":{"emulator":{"name":"firestore"},"message":"Jun 24, 2026 2:02:12 PM io.gapi.emulators.netty.HttpVersionRoutingHandler channelRead\nINFO: Detected non-HTTP/2 connection.\n"}}
[debug] [2026-06-24T09:02:13.773Z] Jun 24, 2026 2:02:13 PM io.gapi.emulators.netty.HttpVersionRoutingHandler channelRead
INFO: Detected non-HTTP/2 connection.
 {"metadata":{"emulator":{"name":"firestore"},"message":"Jun 24, 2026 2:02:13 PM io.gapi.emulators.netty.HttpVersionRoutingHandler channelRead\nINFO: Detected non-HTTP/2 connection.\n"}}
[debug] [2026-06-24T09:02:13.880Z] Jun 24, 2026 2:02:13 PM io.gapi.emulators.netty.HttpVersionRoutingHandler channelRead
INFO: Detected non-HTTP/2 connection.
 {"metadata":{"emulator":{"name":"firestore"},"message":"Jun 24, 2026 2:02:13 PM io.gapi.emulators.netty.HttpVersionRoutingHandler channelRead\nINFO: Detected non-HTTP/2 connection.\n"}}
[debug] [2026-06-24T09:02:15.271Z] Jun 24, 2026 2:02:15 PM io.gapi.emulators.netty.HttpVersionRoutingHandler channelRead
INFO: Detected non-HTTP/2 connection.
 {"metadata":{"emulator":{"name":"firestore"},"message":"Jun 24, 2026 2:02:15 PM io.gapi.emulators.netty.HttpVersionRoutingHandler channelRead\nINFO: Detected non-HTTP/2 connection.\n"}}
[debug] [2026-06-24T09:02:15.287Z] Jun 24, 2026 2:02:15 PM io.gapi.emulators.netty.HttpVersionRoutingHandler channelRead
INFO: Detected non-HTTP/2 connection.
 {"metadata":{"emulator":{"name":"firestore"},"message":"Jun 24, 2026 2:02:15 PM io.gapi.emulators.netty.HttpVersionRoutingHandler channelRead\nINFO: Detected non-HTTP/2 connection.\n"}}
[debug] [2026-06-24T09:02:18.418Z] Jun 24, 2026 2:02:18 PM io.gapi.emulators.netty.HttpVersionRoutingHandler channelRead
INFO: Detected non-HTTP/2 connection.
 {"metadata":{"emulator":{"name":"firestore"},"message":"Jun 24, 2026 2:02:18 PM io.gapi.emulators.netty.HttpVersionRoutingHandler channelRead\nINFO: Detected non-HTTP/2 connection.\n"}}
[debug] [2026-06-24T09:02:19.566Z] Jun 24, 2026 2:02:19 PM io.gapi.emulators.netty.HttpVersionRoutingHandler channelRead
INFO: Detected non-HTTP/2 connection.
 {"metadata":{"emulator":{"name":"firestore"},"message":"Jun 24, 2026 2:02:19 PM io.gapi.emulators.netty.HttpVersionRoutingHandler channelRead\nINFO: Detected non-HTTP/2 connection.\n"}}
[debug] [2026-06-24T09:02:19.590Z] Jun 24, 2026 2:02:19 PM io.gapi.emulators.netty.HttpVersionRoutingHandler channelRead
INFO: Detected non-HTTP/2 connection.
 {"metadata":{"emulator":{"name":"firestore"},"message":"Jun 24, 2026 2:02:19 PM io.gapi.emulators.netty.HttpVersionRoutingHandler channelRead\nINFO: Detected non-HTTP/2 connection.\n"}}
[debug] [2026-06-24T09:02:22.159Z] Jun 24, 2026 2:02:22 PM io.gapi.emulators.netty.HttpVersionRoutingHandler channelRead
INFO: Detected non-HTTP/2 connection.
 {"metadata":{"emulator":{"name":"firestore"},"message":"Jun 24, 2026 2:02:22 PM io.gapi.emulators.netty.HttpVersionRoutingHandler channelRead\nINFO: Detected non-HTTP/2 connection.\n"}}
[debug] [2026-06-24T09:02:22.579Z] Jun 24, 2026 2:02:22 PM io.gapi.emulators.netty.HttpVersionRoutingHandler channelRead
INFO: Detected non-HTTP/2 connection.
 {"metadata":{"emulator":{"name":"firestore"},"message":"Jun 24, 2026 2:02:22 PM io.gapi.emulators.netty.HttpVersionRoutingHandler channelRead\nINFO: Detected non-HTTP/2 connection.\n"}}
[debug] [2026-06-24T09:02:26.226Z] Jun 24, 2026 2:02:26 PM io.gapi.emulators.netty.HttpVersionRoutingHandler channelRead
INFO: Detected non-HTTP/2 connection.
 {"metadata":{"emulator":{"name":"firestore"},"message":"Jun 24, 2026 2:02:26 PM io.gapi.emulators.netty.HttpVersionRoutingHandler channelRead\nINFO: Detected non-HTTP/2 connection.\n"}}
[debug] [2026-06-24T09:02:26.244Z] Jun 24, 2026 2:02:26 PM io.gapi.emulators.netty.HttpVersionRoutingHandler channelRead
INFO: Detected non-HTTP/2 connection.
 {"metadata":{"emulator":{"name":"firestore"},"message":"Jun 24, 2026 2:02:26 PM io.gapi.emulators.netty.HttpVersionRoutingHandler channelRead\nINFO: Detected non-HTTP/2 connection.\n"}}
[debug] [2026-06-24T09:02:28.909Z] Jun 24, 2026 2:02:28 PM io.gapi.emulators.netty.HttpVersionRoutingHandler channelRead
INFO: Detected non-HTTP/2 connection.
 {"metadata":{"emulator":{"name":"firestore"},"message":"Jun 24, 2026 2:02:28 PM io.gapi.emulators.netty.HttpVersionRoutingHandler channelRead\nINFO: Detected non-HTTP/2 connection.\n"}}
[debug] [2026-06-24T09:02:28.925Z] Jun 24, 2026 2:02:28 PM com.google.cloud.datastore.emulator.firestore.webchannel.FirestoreV1WebChannelAdapter$FirestoreWriteHandler onClose
INFO: channel closed
 {"metadata":{"emulator":{"name":"firestore"},"message":"Jun 24, 2026 2:02:28 PM com.google.cloud.datastore.emulator.firestore.webchannel.FirestoreV1WebChannelAdapter$FirestoreWriteHandler onClose\nINFO: channel closed\n"}}
[debug] [2026-06-24T09:02:32.026Z] Jun 24, 2026 2:02:32 PM io.gapi.emulators.netty.HttpVersionRoutingHandler channelRead
INFO: Detected non-HTTP/2 connection.
 {"metadata":{"emulator":{"name":"firestore"},"message":"Jun 24, 2026 2:02:32 PM io.gapi.emulators.netty.HttpVersionRoutingHandler channelRead\nINFO: Detected non-HTTP/2 connection.\n"}}
[debug] [2026-06-24T09:02:38.175Z] Jun 24, 2026 2:02:38 PM io.gapi.emulators.netty.HttpVersionRoutingHandler channelRead
INFO: Detected non-HTTP/2 connection.
 {"metadata":{"emulator":{"name":"firestore"},"message":"Jun 24, 2026 2:02:38 PM io.gapi.emulators.netty.HttpVersionRoutingHandler channelRead\nINFO: Detected non-HTTP/2 connection.\n"}}
[debug] [2026-06-24T09:02:38.195Z] Multiple projectIds are not recommended in single project mode. Requested project ID cousins-party-2, but the emulator is configured for demo-cousins. To opt-out of single project mode add/set the '"singleProjectMode": false' property in the firebase.json emulators config.
 {"metadata":{"emulator":{"name":"firestore"},"message":"Multiple projectIds are not recommended in single project mode. Requested project ID cousins-party-2, but the emulator is configured for demo-cousins. To opt-out of single project mode add/set the '\"singleProjectMode\": false' property in the firebase.json emulators config.\n"}}
[debug] [2026-06-24T09:02:38.196Z] Multiple projectIds are not recommended in single project mode. Requested project ID cousins-party-2, but the emulator is configured for demo-cousins. To opt-out of single project mode add/set the '"singleProjectMode": false' property in the firebase.json emulators config.
 {"metadata":{"emulator":{"name":"firestore"},"message":"Multiple projectIds are not recommended in single project mode. Requested project ID cousins-party-2, but the emulator is configured for demo-cousins. To opt-out of single project mode add/set the '\"singleProjectMode\": false' property in the firebase.json emulators config.\n"}}
[debug] [2026-06-24T09:02:38.207Z] Jun 24, 2026 2:02:38 PM io.gapi.emulators.netty.HttpVersionRoutingHandler channelRead
INFO: Detected non-HTTP/2 connection.
 {"metadata":{"emulator":{"name":"firestore"},"message":"Jun 24, 2026 2:02:38 PM io.gapi.emulators.netty.HttpVersionRoutingHandler channelRead\nINFO: Detected non-HTTP/2 connection.\n"}}
[debug] [2026-06-24T09:02:38.214Z] Jun 24, 2026 2:02:38 PM io.gapi.emulators.netty.HttpVersionRoutingHandler channelRead
INFO: Detected non-HTTP/2 connection.
 {"metadata":{"emulator":{"name":"firestore"},"message":"Jun 24, 2026 2:02:38 PM io.gapi.emulators.netty.HttpVersionRoutingHandler channelRead\nINFO: Detected non-HTTP/2 connection.\n"}}
[debug] [2026-06-24T09:02:41.593Z] Jun 24, 2026 2:02:41 PM io.gapi.emulators.netty.HttpVersionRoutingHandler channelRead
INFO: Detected non-HTTP/2 connection.
 {"metadata":{"emulator":{"name":"firestore"},"message":"Jun 24, 2026 2:02:41 PM io.gapi.emulators.netty.HttpVersionRoutingHandler channelRead\nINFO: Detected non-HTTP/2 connection.\n"}}
[debug] [2026-06-24T09:02:41.611Z] Jun 24, 2026 2:02:41 PM io.gapi.emulators.netty.HttpVersionRoutingHandler channelRead
INFO: Detected non-HTTP/2 connection.
Jun 24, 2026 2:02:41 PM io.gapi.emulators.netty.HttpVersionRoutingHandler channelRead
INFO: Detected non-HTTP/2 connection.
 {"metadata":{"emulator":{"name":"firestore"},"message":"Jun 24, 2026 2:02:41 PM io.gapi.emulators.netty.HttpVersionRoutingHandler channelRead\nINFO: Detected non-HTTP/2 connection.\nJun 24, 2026 2:02:41 PM io.gapi.emulators.netty.HttpVersionRoutingHandler channelRead\nINFO: Detected non-HTTP/2 connection.\n"}}
[debug] [2026-06-24T09:02:52.330Z] Jun 24, 2026 2:02:52 PM io.gapi.emulators.netty.HttpVersionRoutingHandler channelRead
INFO: Detected non-HTTP/2 connection.
 {"metadata":{"emulator":{"name":"firestore"},"message":"Jun 24, 2026 2:02:52 PM io.gapi.emulators.netty.HttpVersionRoutingHandler channelRead\nINFO: Detected non-HTTP/2 connection.\n"}}
[debug] [2026-06-24T09:02:52.348Z] Jun 24, 2026 2:02:52 PM com.google.cloud.datastore.emulator.firestore.webchannel.FirestoreV1WebChannelAdapter$FirestoreWriteHandler onClose
INFO: channel closed
 {"metadata":{"emulator":{"name":"firestore"},"message":"Jun 24, 2026 2:02:52 PM com.google.cloud.datastore.emulator.firestore.webchannel.FirestoreV1WebChannelAdapter$FirestoreWriteHandler onClose\nINFO: channel closed\n"}}
[debug] [2026-06-24T09:02:52.648Z] Jun 24, 2026 2:02:52 PM io.gapi.emulators.netty.HttpVersionRoutingHandler channelRead
INFO: Detected non-HTTP/2 connection.
 {"metadata":{"emulator":{"name":"firestore"},"message":"Jun 24, 2026 2:02:52 PM io.gapi.emulators.netty.HttpVersionRoutingHandler channelRead\nINFO: Detected non-HTTP/2 connection.\n"}}
[debug] [2026-06-24T09:02:53.038Z] Jun 24, 2026 2:02:53 PM io.gapi.emulators.netty.HttpVersionRoutingHandler channelRead
INFO: Detected non-HTTP/2 connection.
 {"metadata":{"emulator":{"name":"firestore"},"message":"Jun 24, 2026 2:02:53 PM io.gapi.emulators.netty.HttpVersionRoutingHandler channelRead\nINFO: Detected non-HTTP/2 connection.\n"}}
[debug] [2026-06-24T09:02:53.085Z] Jun 24, 2026 2:02:53 PM io.gapi.emulators.netty.HttpVersionRoutingHandler channelRead
INFO: Detected non-HTTP/2 connection.
 {"metadata":{"emulator":{"name":"firestore"},"message":"Jun 24, 2026 2:02:53 PM io.gapi.emulators.netty.HttpVersionRoutingHandler channelRead\nINFO: Detected non-HTTP/2 connection.\n"}}
[debug] [2026-06-24T09:02:58.596Z] Jun 24, 2026 2:02:58 PM io.gapi.emulators.netty.HttpVersionRoutingHandler channelRead
INFO: Detected non-HTTP/2 connection.
 {"metadata":{"emulator":{"name":"firestore"},"message":"Jun 24, 2026 2:02:58 PM io.gapi.emulators.netty.HttpVersionRoutingHandler channelRead\nINFO: Detected non-HTTP/2 connection.\n"}}
[debug] [2026-06-24T09:02:58.603Z] Multiple projectIds are not recommended in single project mode. Requested project ID cousins-party-2, but the emulator is configured for demo-cousins. To opt-out of single project mode add/set the '"singleProjectMode": false' property in the firebase.json emulators config.
 {"metadata":{"emulator":{"name":"firestore"},"message":"Multiple projectIds are not recommended in single project mode. Requested project ID cousins-party-2, but the emulator is configured for demo-cousins. To opt-out of single project mode add/set the '\"singleProjectMode\": false' property in the firebase.json emulators config.\n"}}
[debug] [2026-06-24T09:02:58.603Z] Multiple projectIds are not recommended in single project mode. Requested project ID cousins-party-2, but the emulator is configured for demo-cousins. To opt-out of single project mode add/set the '"singleProjectMode": false' property in the firebase.json emulators config.
 {"metadata":{"emulator":{"name":"firestore"},"message":"Multiple projectIds are not recommended in single project mode. Requested project ID cousins-party-2, but the emulator is configured for demo-cousins. To opt-out of single project mode add/set the '\"singleProjectMode\": false' property in the firebase.json emulators config.\n"}}
[debug] [2026-06-24T09:02:58.608Z] Jun 24, 2026 2:02:58 PM io.gapi.emulators.netty.HttpVersionRoutingHandler channelRead
INFO: Detected non-HTTP/2 connection.
 {"metadata":{"emulator":{"name":"firestore"},"message":"Jun 24, 2026 2:02:58 PM io.gapi.emulators.netty.HttpVersionRoutingHandler channelRead\nINFO: Detected non-HTTP/2 connection.\n"}}
[debug] [2026-06-24T09:02:58.614Z] Jun 24, 2026 2:02:58 PM io.gapi.emulators.netty.HttpVersionRoutingHandler channelRead
INFO: Detected non-HTTP/2 connection.
 {"metadata":{"emulator":{"name":"firestore"},"message":"Jun 24, 2026 2:02:58 PM io.gapi.emulators.netty.HttpVersionRoutingHandler channelRead\nINFO: Detected non-HTTP/2 connection.\n"}}
[debug] [2026-06-24T09:02:58.631Z] Jun 24, 2026 2:02:58 PM io.gapi.emulators.netty.HttpVersionRoutingHandler channelRead
INFO: Detected non-HTTP/2 connection.
 {"metadata":{"emulator":{"name":"firestore"},"message":"Jun 24, 2026 2:02:58 PM io.gapi.emulators.netty.HttpVersionRoutingHandler channelRead\nINFO: Detected non-HTTP/2 connection.\n"}}
[debug] [2026-06-24T09:02:58.631Z] Jun 24, 2026 2:02:58 PM io.gapi.emulators.netty.HttpVersionRoutingHandler channelRead
INFO: Detected non-HTTP/2 connection.
 {"metadata":{"emulator":{"name":"firestore"},"message":"Jun 24, 2026 2:02:58 PM io.gapi.emulators.netty.HttpVersionRoutingHandler channelRead\nINFO: Detected non-HTTP/2 connection.\n"}}
[debug] [2026-06-24T09:03:02.243Z] Jun 24, 2026 2:03:02 PM io.gapi.emulators.netty.HttpVersionRoutingHandler channelRead
INFO: Detected non-HTTP/2 connection.
 {"metadata":{"emulator":{"name":"firestore"},"message":"Jun 24, 2026 2:03:02 PM io.gapi.emulators.netty.HttpVersionRoutingHandler channelRead\nINFO: Detected non-HTTP/2 connection.\n"}}
[debug] [2026-06-24T09:03:02.260Z] Jun 24, 2026 2:03:02 PM com.google.cloud.datastore.emulator.firestore.webchannel.FirestoreV1WebChannelAdapter$FirestoreWriteHandler onClose
INFO: channel closed
 {"metadata":{"emulator":{"name":"firestore"},"message":"Jun 24, 2026 2:03:02 PM com.google.cloud.datastore.emulator.firestore.webchannel.FirestoreV1WebChannelAdapter$FirestoreWriteHandler onClose\nINFO: channel closed\n"}}
[debug] [2026-06-24T09:03:03.622Z] Jun 24, 2026 2:03:03 PM io.gapi.emulators.netty.HttpVersionRoutingHandler channelRead
INFO: Detected non-HTTP/2 connection.
 {"metadata":{"emulator":{"name":"firestore"},"message":"Jun 24, 2026 2:03:03 PM io.gapi.emulators.netty.HttpVersionRoutingHandler channelRead\nINFO: Detected non-HTTP/2 connection.\n"}}
[debug] [2026-06-24T09:03:08.706Z] Jun 24, 2026 2:03:08 PM io.gapi.emulators.netty.HttpVersionRoutingHandler channelRead
INFO: Detected non-HTTP/2 connection.
 {"metadata":{"emulator":{"name":"firestore"},"message":"Jun 24, 2026 2:03:08 PM io.gapi.emulators.netty.HttpVersionRoutingHandler channelRead\nINFO: Detected non-HTTP/2 connection.\n"}}
[debug] [2026-06-24T09:03:14.249Z] Jun 24, 2026 2:03:14 PM io.gapi.emulators.netty.HttpVersionRoutingHandler channelRead
INFO: Detected non-HTTP/2 connection.
 {"metadata":{"emulator":{"name":"firestore"},"message":"Jun 24, 2026 2:03:14 PM io.gapi.emulators.netty.HttpVersionRoutingHandler channelRead\nINFO: Detected non-HTTP/2 connection.\n"}}
[debug] [2026-06-24T09:03:18.641Z] Jun 24, 2026 2:03:18 PM io.gapi.emulators.netty.HttpVersionRoutingHandler channelRead
INFO: Detected non-HTTP/2 connection.
 {"metadata":{"emulator":{"name":"firestore"},"message":"Jun 24, 2026 2:03:18 PM io.gapi.emulators.netty.HttpVersionRoutingHandler channelRead\nINFO: Detected non-HTTP/2 connection.\n"}}
[debug] [2026-06-24T09:03:21.890Z] Jun 24, 2026 2:03:21 PM io.gapi.emulators.netty.HttpVersionRoutingHandler channelRead
INFO: Detected non-HTTP/2 connection.
 {"metadata":{"emulator":{"name":"firestore"},"message":"Jun 24, 2026 2:03:21 PM io.gapi.emulators.netty.HttpVersionRoutingHandler channelRead\nINFO: Detected non-HTTP/2 connection.\n"}}
[debug] [2026-06-24T09:03:25.082Z] Jun 24, 2026 2:03:25 PM io.gapi.emulators.netty.HttpVersionRoutingHandler channelRead
INFO: Detected non-HTTP/2 connection.
 {"metadata":{"emulator":{"name":"firestore"},"message":"Jun 24, 2026 2:03:25 PM io.gapi.emulators.netty.HttpVersionRoutingHandler channelRead\nINFO: Detected non-HTTP/2 connection.\n"}}
[debug] [2026-06-24T09:03:25.105Z] Multiple projectIds are not recommended in single project mode. Requested project ID cousins-party-2, but the emulator is configured for demo-cousins. To opt-out of single project mode add/set the '"singleProjectMode": false' property in the firebase.json emulators config.
 {"metadata":{"emulator":{"name":"firestore"},"message":"Multiple projectIds are not recommended in single project mode. Requested project ID cousins-party-2, but the emulator is configured for demo-cousins. To opt-out of single project mode add/set the '\"singleProjectMode\": false' property in the firebase.json emulators config.\n"}}
[debug] [2026-06-24T09:03:25.106Z] Multiple projectIds are not recommended in single project mode. Requested project ID cousins-party-2, but the emulator is configured for demo-cousins. To opt-out of single project mode add/set the '"singleProjectMode": false' property in the firebase.json emulators config.
 {"metadata":{"emulator":{"name":"firestore"},"message":"Multiple projectIds are not recommended in single project mode. Requested project ID cousins-party-2, but the emulator is configured for demo-cousins. To opt-out of single project mode add/set the '\"singleProjectMode\": false' property in the firebase.json emulators config.\n"}}
[debug] [2026-06-24T09:03:25.112Z] Jun 24, 2026 2:03:25 PM io.gapi.emulators.netty.HttpVersionRoutingHandler channelRead
INFO: Detected non-HTTP/2 connection.
 {"metadata":{"emulator":{"name":"firestore"},"message":"Jun 24, 2026 2:03:25 PM io.gapi.emulators.netty.HttpVersionRoutingHandler channelRead\nINFO: Detected non-HTTP/2 connection.\n"}}
[debug] [2026-06-24T09:03:25.116Z] Jun 24, 2026 2:03:25 PM io.gapi.emulators.netty.HttpVersionRoutingHandler channelRead
INFO: Detected non-HTTP/2 connection.
 {"metadata":{"emulator":{"name":"firestore"},"message":"Jun 24, 2026 2:03:25 PM io.gapi.emulators.netty.HttpVersionRoutingHandler channelRead\nINFO: Detected non-HTTP/2 connection.\n"}}
[debug] [2026-06-24T09:03:26.260Z] Jun 24, 2026 2:03:26 PM io.gapi.emulators.netty.HttpVersionRoutingHandler channelRead
INFO: Detected non-HTTP/2 connection.
 {"metadata":{"emulator":{"name":"firestore"},"message":"Jun 24, 2026 2:03:26 PM io.gapi.emulators.netty.HttpVersionRoutingHandler channelRead\nINFO: Detected non-HTTP/2 connection.\n"}}
[debug] [2026-06-24T09:03:26.268Z] Multiple projectIds are not recommended in single project mode. Requested project ID cousins-party-2, but the emulator is configured for demo-cousins. To opt-out of single project mode add/set the '"singleProjectMode": false' property in the firebase.json emulators config.
 {"metadata":{"emulator":{"name":"firestore"},"message":"Multiple projectIds are not recommended in single project mode. Requested project ID cousins-party-2, but the emulator is configured for demo-cousins. To opt-out of single project mode add/set the '\"singleProjectMode\": false' property in the firebase.json emulators config.\n"}}
[debug] [2026-06-24T09:03:26.269Z] Multiple projectIds are not recommended in single project mode. Requested project ID cousins-party-2, but the emulator is configured for demo-cousins. To opt-out of single project mode add/set the '"singleProjectMode": false' property in the firebase.json emulators config.
 {"metadata":{"emulator":{"name":"firestore"},"message":"Multiple projectIds are not recommended in single project mode. Requested project ID cousins-party-2, but the emulator is configured for demo-cousins. To opt-out of single project mode add/set the '\"singleProjectMode\": false' property in the firebase.json emulators config.\n"}}
[debug] [2026-06-24T09:03:26.301Z] Jun 24, 2026 2:03:26 PM io.gapi.emulators.netty.HttpVersionRoutingHandler channelRead
INFO: Detected non-HTTP/2 connection.
 {"metadata":{"emulator":{"name":"firestore"},"message":"Jun 24, 2026 2:03:26 PM io.gapi.emulators.netty.HttpVersionRoutingHandler channelRead\nINFO: Detected non-HTTP/2 connection.\n"}}
[debug] [2026-06-24T09:03:26.305Z] Multiple projectIds are not recommended in single project mode. Requested project ID cousins-party-2, but the emulator is configured for demo-cousins. To opt-out of single project mode add/set the '"singleProjectMode": false' property in the firebase.json emulators config.
 {"metadata":{"emulator":{"name":"firestore"},"message":"Multiple projectIds are not recommended in single project mode. Requested project ID cousins-party-2, but the emulator is configured for demo-cousins. To opt-out of single project mode add/set the '\"singleProjectMode\": false' property in the firebase.json emulators config.\n"}}
[debug] [2026-06-24T09:03:26.307Z] Multiple projectIds are not recommended in single project mode. Requested project ID cousins-party-2, but the emulator is configured for demo-cousins. To opt-out of single project mode add/set the '"singleProjectMode": false' property in the firebase.json emulators config.
 {"metadata":{"emulator":{"name":"firestore"},"message":"Multiple projectIds are not recommended in single project mode. Requested project ID cousins-party-2, but the emulator is configured for demo-cousins. To opt-out of single project mode add/set the '\"singleProjectMode\": false' property in the firebase.json emulators config.\n"}}
[debug] [2026-06-24T09:03:27.410Z] Jun 24, 2026 2:03:27 PM io.gapi.emulators.netty.HttpVersionRoutingHandler channelRead
INFO: Detected non-HTTP/2 connection.
 {"metadata":{"emulator":{"name":"firestore"},"message":"Jun 24, 2026 2:03:27 PM io.gapi.emulators.netty.HttpVersionRoutingHandler channelRead\nINFO: Detected non-HTTP/2 connection.\n"}}
[debug] [2026-06-24T09:03:35.474Z] Jun 24, 2026 2:03:35 PM io.gapi.emulators.netty.HttpVersionRoutingHandler channelRead
INFO: Detected non-HTTP/2 connection.
 {"metadata":{"emulator":{"name":"firestore"},"message":"Jun 24, 2026 2:03:35 PM io.gapi.emulators.netty.HttpVersionRoutingHandler channelRead\nINFO: Detected non-HTTP/2 connection.\n"}}
[debug] [2026-06-24T09:03:35.641Z] Jun 24, 2026 2:03:35 PM io.gapi.emulators.netty.HttpVersionRoutingHandler channelRead
INFO: Detected non-HTTP/2 connection.
 {"metadata":{"emulator":{"name":"firestore"},"message":"Jun 24, 2026 2:03:35 PM io.gapi.emulators.netty.HttpVersionRoutingHandler channelRead\nINFO: Detected non-HTTP/2 connection.\n"}}
[debug] [2026-06-24T09:03:35.660Z] Jun 24, 2026 2:03:35 PM io.gapi.emulators.netty.HttpVersionRoutingHandler channelRead
INFO: Detected non-HTTP/2 connection.
 {"metadata":{"emulator":{"name":"firestore"},"message":"Jun 24, 2026 2:03:35 PM io.gapi.emulators.netty.HttpVersionRoutingHandler channelRead\nINFO: Detected non-HTTP/2 connection.\n"}}
[debug] [2026-06-24T09:03:35.672Z] Jun 24, 2026 2:03:35 PM io.gapi.emulators.netty.HttpVersionRoutingHandler channelRead
INFO: Detected non-HTTP/2 connection.
 {"metadata":{"emulator":{"name":"firestore"},"message":"Jun 24, 2026 2:03:35 PM io.gapi.emulators.netty.HttpVersionRoutingHandler channelRead\nINFO: Detected non-HTTP/2 connection.\n"}}
[debug] [2026-06-24T09:03:40.316Z] Jun 24, 2026 2:03:40 PM io.gapi.emulators.netty.HttpVersionRoutingHandler channelRead
INFO: Detected non-HTTP/2 connection.
 {"metadata":{"emulator":{"name":"firestore"},"message":"Jun 24, 2026 2:03:40 PM io.gapi.emulators.netty.HttpVersionRoutingHandler channelRead\nINFO: Detected non-HTTP/2 connection.\n"}}
[debug] [2026-06-24T09:03:40.339Z] Jun 24, 2026 2:03:40 PM io.gapi.emulators.netty.HttpVersionRoutingHandler channelRead
INFO: Detected non-HTTP/2 connection.
 {"metadata":{"emulator":{"name":"firestore"},"message":"Jun 24, 2026 2:03:40 PM io.gapi.emulators.netty.HttpVersionRoutingHandler channelRead\nINFO: Detected non-HTTP/2 connection.\n"}}
[debug] [2026-06-24T09:03:40.367Z] Jun 24, 2026 2:03:40 PM io.gapi.emulators.netty.HttpVersionRoutingHandler channelRead
INFO: Detected non-HTTP/2 connection.
 {"metadata":{"emulator":{"name":"firestore"},"message":"Jun 24, 2026 2:03:40 PM io.gapi.emulators.netty.HttpVersionRoutingHandler channelRead\nINFO: Detected non-HTTP/2 connection.\n"}}
[debug] [2026-06-24T09:03:40.376Z] Jun 24, 2026 2:03:40 PM io.gapi.emulators.netty.HttpVersionRoutingHandler channelRead
INFO: Detected non-HTTP/2 connection.
 {"metadata":{"emulator":{"name":"firestore"},"message":"Jun 24, 2026 2:03:40 PM io.gapi.emulators.netty.HttpVersionRoutingHandler channelRead\nINFO: Detected non-HTTP/2 connection.\n"}}
[debug] [2026-06-24T09:03:44.180Z] Jun 24, 2026 2:03:44 PM io.gapi.emulators.netty.HttpVersionRoutingHandler channelRead
INFO: Detected non-HTTP/2 connection.
 {"metadata":{"emulator":{"name":"firestore"},"message":"Jun 24, 2026 2:03:44 PM io.gapi.emulators.netty.HttpVersionRoutingHandler channelRead\nINFO: Detected non-HTTP/2 connection.\n"}}
[debug] [2026-06-24T09:03:44.202Z] Jun 24, 2026 2:03:44 PM io.gapi.emulators.netty.HttpVersionRoutingHandler channelRead
INFO: Detected non-HTTP/2 connection.
 {"metadata":{"emulator":{"name":"firestore"},"message":"Jun 24, 2026 2:03:44 PM io.gapi.emulators.netty.HttpVersionRoutingHandler channelRead\nINFO: Detected non-HTTP/2 connection.\n"}}
[debug] [2026-06-24T09:03:44.205Z] Jun 24, 2026 2:03:44 PM io.gapi.emulators.netty.HttpVersionRoutingHandler channelRead
INFO: Detected non-HTTP/2 connection.
 {"metadata":{"emulator":{"name":"firestore"},"message":"Jun 24, 2026 2:03:44 PM io.gapi.emulators.netty.HttpVersionRoutingHandler channelRead\nINFO: Detected non-HTTP/2 connection.\n"}}
[debug] [2026-06-24T09:03:44.237Z] Jun 24, 2026 2:03:44 PM io.gapi.emulators.netty.HttpVersionRoutingHandler channelRead
INFO: Detected non-HTTP/2 connection.
 {"metadata":{"emulator":{"name":"firestore"},"message":"Jun 24, 2026 2:03:44 PM io.gapi.emulators.netty.HttpVersionRoutingHandler channelRead\nINFO: Detected non-HTTP/2 connection.\n"}}
[debug] [2026-06-24T09:03:44.245Z] Jun 24, 2026 2:03:44 PM io.gapi.emulators.netty.HttpVersionRoutingHandler channelRead
INFO: Detected non-HTTP/2 connection.
 {"metadata":{"emulator":{"name":"firestore"},"message":"Jun 24, 2026 2:03:44 PM io.gapi.emulators.netty.HttpVersionRoutingHandler channelRead\nINFO: Detected non-HTTP/2 connection.\n"}}
[debug] [2026-06-24T09:03:44.246Z] Jun 24, 2026 2:03:44 PM io.gapi.emulators.netty.HttpVersionRoutingHandler channelRead
INFO: Detected non-HTTP/2 connection.
 {"metadata":{"emulator":{"name":"firestore"},"message":"Jun 24, 2026 2:03:44 PM io.gapi.emulators.netty.HttpVersionRoutingHandler channelRead\nINFO: Detected non-HTTP/2 connection.\n"}}
[debug] [2026-06-24T09:03:51.978Z] Jun 24, 2026 2:03:51 PM io.gapi.emulators.netty.HttpVersionRoutingHandler channelRead
INFO: Detected non-HTTP/2 connection.
 {"metadata":{"emulator":{"name":"firestore"},"message":"Jun 24, 2026 2:03:51 PM io.gapi.emulators.netty.HttpVersionRoutingHandler channelRead\nINFO: Detected non-HTTP/2 connection.\n"}}
[debug] [2026-06-24T09:03:52.023Z] Jun 24, 2026 2:03:52 PM io.gapi.emulators.netty.HttpVersionRoutingHandler channelRead
INFO: Detected non-HTTP/2 connection.
 {"metadata":{"emulator":{"name":"firestore"},"message":"Jun 24, 2026 2:03:52 PM io.gapi.emulators.netty.HttpVersionRoutingHandler channelRead\nINFO: Detected non-HTTP/2 connection.\n"}}
[debug] [2026-06-24T09:03:52.042Z] Jun 24, 2026 2:03:52 PM io.gapi.emulators.netty.HttpVersionRoutingHandler channelRead
INFO: Detected non-HTTP/2 connection.
 {"metadata":{"emulator":{"name":"firestore"},"message":"Jun 24, 2026 2:03:52 PM io.gapi.emulators.netty.HttpVersionRoutingHandler channelRead\nINFO: Detected non-HTTP/2 connection.\n"}}
[debug] [2026-06-24T09:03:52.110Z] Jun 24, 2026 2:03:52 PM io.gapi.emulators.netty.HttpVersionRoutingHandler channelRead
INFO: Detected non-HTTP/2 connection.
 {"metadata":{"emulator":{"name":"firestore"},"message":"Jun 24, 2026 2:03:52 PM io.gapi.emulators.netty.HttpVersionRoutingHandler channelRead\nINFO: Detected non-HTTP/2 connection.\n"}}
[debug] [2026-06-24T09:03:52.116Z] Jun 24, 2026 2:03:52 PM io.gapi.emulators.netty.HttpVersionRoutingHandler channelRead
INFO: Detected non-HTTP/2 connection.
 {"metadata":{"emulator":{"name":"firestore"},"message":"Jun 24, 2026 2:03:52 PM io.gapi.emulators.netty.HttpVersionRoutingHandler channelRead\nINFO: Detected non-HTTP/2 connection.\n"}}
[debug] [2026-06-24T09:03:53.104Z] Jun 24, 2026 2:03:53 PM io.gapi.emulators.netty.HttpVersionRoutingHandler channelRead
INFO: Detected non-HTTP/2 connection.
 {"metadata":{"emulator":{"name":"firestore"},"message":"Jun 24, 2026 2:03:53 PM io.gapi.emulators.netty.HttpVersionRoutingHandler channelRead\nINFO: Detected non-HTTP/2 connection.\n"}}
[debug] [2026-06-24T09:03:53.107Z] Jun 24, 2026 2:03:53 PM com.google.cloud.datastore.emulator.firestore.webchannel.FirestoreV1WebChannelAdapter$FirestoreWriteHandler onClose
INFO: channel closed
 {"metadata":{"emulator":{"name":"firestore"},"message":"Jun 24, 2026 2:03:53 PM com.google.cloud.datastore.emulator.firestore.webchannel.FirestoreV1WebChannelAdapter$FirestoreWriteHandler onClose\nINFO: channel closed\n"}}
[debug] [2026-06-24T09:03:55.128Z] Jun 24, 2026 2:03:55 PM io.gapi.emulators.netty.HttpVersionRoutingHandler channelRead
INFO: Detected non-HTTP/2 connection.
 {"metadata":{"emulator":{"name":"firestore"},"message":"Jun 24, 2026 2:03:55 PM io.gapi.emulators.netty.HttpVersionRoutingHandler channelRead\nINFO: Detected non-HTTP/2 connection.\n"}}
[debug] [2026-06-24T09:03:55.135Z] Jun 24, 2026 2:03:55 PM io.gapi.emulators.netty.HttpVersionRoutingHandler channelRead
INFO: Detected non-HTTP/2 connection.
 {"metadata":{"emulator":{"name":"firestore"},"message":"Jun 24, 2026 2:03:55 PM io.gapi.emulators.netty.HttpVersionRoutingHandler channelRead\nINFO: Detected non-HTTP/2 connection.\n"}}
[debug] [2026-06-24T09:03:56.196Z] Jun 24, 2026 2:03:56 PM io.gapi.emulators.netty.HttpVersionRoutingHandler channelRead
INFO: Detected non-HTTP/2 connection.
 {"metadata":{"emulator":{"name":"firestore"},"message":"Jun 24, 2026 2:03:56 PM io.gapi.emulators.netty.HttpVersionRoutingHandler channelRead\nINFO: Detected non-HTTP/2 connection.\n"}}
[debug] [2026-06-24T09:03:56.201Z] Jun 24, 2026 2:03:56 PM io.gapi.emulators.netty.HttpVersionRoutingHandler channelRead
INFO: Detected non-HTTP/2 connection.
 {"metadata":{"emulator":{"name":"firestore"},"message":"Jun 24, 2026 2:03:56 PM io.gapi.emulators.netty.HttpVersionRoutingHandler channelRead\nINFO: Detected non-HTTP/2 connection.\n"}}
[debug] [2026-06-24T09:04:00.427Z] Jun 24, 2026 2:04:00 PM io.gapi.emulators.netty.HttpVersionRoutingHandler channelRead
INFO: Detected non-HTTP/2 connection.
 {"metadata":{"emulator":{"name":"firestore"},"message":"Jun 24, 2026 2:04:00 PM io.gapi.emulators.netty.HttpVersionRoutingHandler channelRead\nINFO: Detected non-HTTP/2 connection.\n"}}
[debug] [2026-06-24T09:04:05.335Z] Jun 24, 2026 2:04:05 PM io.gapi.emulators.netty.HttpVersionRoutingHandler channelRead
INFO: Detected non-HTTP/2 connection.
Jun 24, 2026 2:04:05 PM io.gapi.emulators.netty.HttpVersionRoutingHandler channelRead
INFO: Detected non-HTTP/2 connection.
 {"metadata":{"emulator":{"name":"firestore"},"message":"Jun 24, 2026 2:04:05 PM io.gapi.emulators.netty.HttpVersionRoutingHandler channelRead\nINFO: Detected non-HTTP/2 connection.\nJun 24, 2026 2:04:05 PM io.gapi.emulators.netty.HttpVersionRoutingHandler channelRead\nINFO: Detected non-HTTP/2 connection.\n"}}
[debug] [2026-06-24T09:04:06.454Z] Jun 24, 2026 2:04:06 PM io.gapi.emulators.netty.HttpVersionRoutingHandler channelRead
INFO: Detected non-HTTP/2 connection.
 {"metadata":{"emulator":{"name":"firestore"},"message":"Jun 24, 2026 2:04:06 PM io.gapi.emulators.netty.HttpVersionRoutingHandler channelRead\nINFO: Detected non-HTTP/2 connection.\n"}}
[debug] [2026-06-24T09:04:06.470Z] Multiple projectIds are not recommended in single project mode. Requested project ID cousins-party-2, but the emulator is configured for demo-cousins. To opt-out of single project mode add/set the '"singleProjectMode": false' property in the firebase.json emulators config.
 {"metadata":{"emulator":{"name":"firestore"},"message":"Multiple projectIds are not recommended in single project mode. Requested project ID cousins-party-2, but the emulator is configured for demo-cousins. To opt-out of single project mode add/set the '\"singleProjectMode\": false' property in the firebase.json emulators config.\n"}}
[debug] [2026-06-24T09:04:06.470Z] Multiple projectIds are not recommended in single project mode. Requested project ID cousins-party-2, but the emulator is configured for demo-cousins. To opt-out of single project mode add/set the '"singleProjectMode": false' property in the firebase.json emulators config.
 {"metadata":{"emulator":{"name":"firestore"},"message":"Multiple projectIds are not recommended in single project mode. Requested project ID cousins-party-2, but the emulator is configured for demo-cousins. To opt-out of single project mode add/set the '\"singleProjectMode\": false' property in the firebase.json emulators config.\n"}}
[debug] [2026-06-24T09:04:06.478Z] Jun 24, 2026 2:04:06 PM io.gapi.emulators.netty.HttpVersionRoutingHandler channelRead
INFO: Detected non-HTTP/2 connection.
 {"metadata":{"emulator":{"name":"firestore"},"message":"Jun 24, 2026 2:04:06 PM io.gapi.emulators.netty.HttpVersionRoutingHandler channelRead\nINFO: Detected non-HTTP/2 connection.\n"}}
[debug] [2026-06-24T09:04:10.990Z] Jun 24, 2026 2:04:10 PM io.gapi.emulators.netty.HttpVersionRoutingHandler channelRead
INFO: Detected non-HTTP/2 connection.
 {"metadata":{"emulator":{"name":"firestore"},"message":"Jun 24, 2026 2:04:10 PM io.gapi.emulators.netty.HttpVersionRoutingHandler channelRead\nINFO: Detected non-HTTP/2 connection.\n"}}
[debug] [2026-06-24T09:04:11.003Z] Jun 24, 2026 2:04:10 PM io.gapi.emulators.netty.HttpVersionRoutingHandler channelRead
INFO: Detected non-HTTP/2 connection.
 {"metadata":{"emulator":{"name":"firestore"},"message":"Jun 24, 2026 2:04:10 PM io.gapi.emulators.netty.HttpVersionRoutingHandler channelRead\nINFO: Detected non-HTTP/2 connection.\n"}}
[debug] [2026-06-24T09:04:12.127Z] Jun 24, 2026 2:04:12 PM io.gapi.emulators.netty.HttpVersionRoutingHandler channelRead
INFO: Detected non-HTTP/2 connection.
 {"metadata":{"emulator":{"name":"firestore"},"message":"Jun 24, 2026 2:04:12 PM io.gapi.emulators.netty.HttpVersionRoutingHandler channelRead\nINFO: Detected non-HTTP/2 connection.\n"}}
[debug] [2026-06-24T09:04:12.134Z] Multiple projectIds are not recommended in single project mode. Requested project ID cousins-party-2, but the emulator is configured for demo-cousins. To opt-out of single project mode add/set the '"singleProjectMode": false' property in the firebase.json emulators config.
 {"metadata":{"emulator":{"name":"firestore"},"message":"Multiple projectIds are not recommended in single project mode. Requested project ID cousins-party-2, but the emulator is configured for demo-cousins. To opt-out of single project mode add/set the '\"singleProjectMode\": false' property in the firebase.json emulators config.\n"}}
[debug] [2026-06-24T09:04:12.134Z] Multiple projectIds are not recommended in single project mode. Requested project ID cousins-party-2, but the emulator is configured for demo-cousins. To opt-out of single project mode add/set the '"singleProjectMode": false' property in the firebase.json emulators config.
 {"metadata":{"emulator":{"name":"firestore"},"message":"Multiple projectIds are not recommended in single project mode. Requested project ID cousins-party-2, but the emulator is configured for demo-cousins. To opt-out of single project mode add/set the '\"singleProjectMode\": false' property in the firebase.json emulators config.\n"}}
[debug] [2026-06-24T09:04:12.153Z] Jun 24, 2026 2:04:12 PM io.gapi.emulators.netty.HttpVersionRoutingHandler channelRead
INFO: Detected non-HTTP/2 connection.
 {"metadata":{"emulator":{"name":"firestore"},"message":"Jun 24, 2026 2:04:12 PM io.gapi.emulators.netty.HttpVersionRoutingHandler channelRead\nINFO: Detected non-HTTP/2 connection.\n"}}
[debug] [2026-06-24T09:04:15.208Z] Jun 24, 2026 2:04:15 PM io.gapi.emulators.netty.HttpVersionRoutingHandler channelRead
INFO: Detected non-HTTP/2 connection.
 {"metadata":{"emulator":{"name":"firestore"},"message":"Jun 24, 2026 2:04:15 PM io.gapi.emulators.netty.HttpVersionRoutingHandler channelRead\nINFO: Detected non-HTTP/2 connection.\n"}}
[debug] [2026-06-24T09:04:16.160Z] Jun 24, 2026 2:04:16 PM io.gapi.emulators.netty.HttpVersionRoutingHandler channelRead
INFO: Detected non-HTTP/2 connection.
 {"metadata":{"emulator":{"name":"firestore"},"message":"Jun 24, 2026 2:04:16 PM io.gapi.emulators.netty.HttpVersionRoutingHandler channelRead\nINFO: Detected non-HTTP/2 connection.\n"}}
[debug] [2026-06-24T09:04:16.164Z] Multiple projectIds are not recommended in single project mode. Requested project ID cousins-party-2, but the emulator is configured for demo-cousins. To opt-out of single project mode add/set the '"singleProjectMode": false' property in the firebase.json emulators config.
 {"metadata":{"emulator":{"name":"firestore"},"message":"Multiple projectIds are not recommended in single project mode. Requested project ID cousins-party-2, but the emulator is configured for demo-cousins. To opt-out of single project mode add/set the '\"singleProjectMode\": false' property in the firebase.json emulators config.\n"}}
[debug] [2026-06-24T09:04:16.165Z] Multiple projectIds are not recommended in single project mode. Requested project ID cousins-party-2, but the emulator is configured for demo-cousins. To opt-out of single project mode add/set the '"singleProjectMode": false' property in the firebase.json emulators config.
 {"metadata":{"emulator":{"name":"firestore"},"message":"Multiple projectIds are not recommended in single project mode. Requested project ID cousins-party-2, but the emulator is configured for demo-cousins. To opt-out of single project mode add/set the '\"singleProjectMode\": false' property in the firebase.json emulators config.\n"}}
[debug] [2026-06-24T09:04:16.171Z] Jun 24, 2026 2:04:16 PM io.gapi.emulators.netty.HttpVersionRoutingHandler channelRead
INFO: Detected non-HTTP/2 connection.
 {"metadata":{"emulator":{"name":"firestore"},"message":"Jun 24, 2026 2:04:16 PM io.gapi.emulators.netty.HttpVersionRoutingHandler channelRead\nINFO: Detected non-HTTP/2 connection.\n"}}
[debug] [2026-06-24T09:04:19.898Z] Jun 24, 2026 2:04:19 PM io.gapi.emulators.netty.HttpVersionRoutingHandler channelRead
INFO: Detected non-HTTP/2 connection.
 {"metadata":{"emulator":{"name":"firestore"},"message":"Jun 24, 2026 2:04:19 PM io.gapi.emulators.netty.HttpVersionRoutingHandler channelRead\nINFO: Detected non-HTTP/2 connection.\n"}}
[debug] [2026-06-24T09:04:19.899Z] Jun 24, 2026 2:04:19 PM io.gapi.emulators.netty.HttpVersionRoutingHandler channelRead
INFO: Detected non-HTTP/2 connection.
 {"metadata":{"emulator":{"name":"firestore"},"message":"Jun 24, 2026 2:04:19 PM io.gapi.emulators.netty.HttpVersionRoutingHandler channelRead\nINFO: Detected non-HTTP/2 connection.\n"}}
[debug] [2026-06-24T09:04:21.048Z] Jun 24, 2026 2:04:21 PM io.gapi.emulators.netty.HttpVersionRoutingHandler channelRead
INFO: Detected non-HTTP/2 connection.
 {"metadata":{"emulator":{"name":"firestore"},"message":"Jun 24, 2026 2:04:21 PM io.gapi.emulators.netty.HttpVersionRoutingHandler channelRead\nINFO: Detected non-HTTP/2 connection.\n"}}
[debug] [2026-06-24T09:04:21.053Z] Multiple projectIds are not recommended in single project mode. Requested project ID cousins-party-2, but the emulator is configured for demo-cousins. To opt-out of single project mode add/set the '"singleProjectMode": false' property in the firebase.json emulators config.
 {"metadata":{"emulator":{"name":"firestore"},"message":"Multiple projectIds are not recommended in single project mode. Requested project ID cousins-party-2, but the emulator is configured for demo-cousins. To opt-out of single project mode add/set the '\"singleProjectMode\": false' property in the firebase.json emulators config.\n"}}
[debug] [2026-06-24T09:04:21.053Z] Multiple projectIds are not recommended in single project mode. Requested project ID cousins-party-2, but the emulator is configured for demo-cousins. To opt-out of single project mode add/set the '"singleProjectMode": false' property in the firebase.json emulators config.
 {"metadata":{"emulator":{"name":"firestore"},"message":"Multiple projectIds are not recommended in single project mode. Requested project ID cousins-party-2, but the emulator is configured for demo-cousins. To opt-out of single project mode add/set the '\"singleProjectMode\": false' property in the firebase.json emulators config.\n"}}
[debug] [2026-06-24T09:04:21.066Z] Jun 24, 2026 2:04:21 PM io.gapi.emulators.netty.HttpVersionRoutingHandler channelRead
INFO: Detected non-HTTP/2 connection.
 {"metadata":{"emulator":{"name":"firestore"},"message":"Jun 24, 2026 2:04:21 PM io.gapi.emulators.netty.HttpVersionRoutingHandler channelRead\nINFO: Detected non-HTTP/2 connection.\n"}}
[debug] [2026-06-24T09:04:34.979Z] Jun 24, 2026 2:04:34 PM io.gapi.emulators.netty.HttpVersionRoutingHandler channelRead
INFO: Detected non-HTTP/2 connection.
 {"metadata":{"emulator":{"name":"firestore"},"message":"Jun 24, 2026 2:04:34 PM io.gapi.emulators.netty.HttpVersionRoutingHandler channelRead\nINFO: Detected non-HTTP/2 connection.\n"}}
[debug] [2026-06-24T09:04:34.992Z] Multiple projectIds are not recommended in single project mode. Requested project ID cousins-party-2, but the emulator is configured for demo-cousins. To opt-out of single project mode add/set the '"singleProjectMode": false' property in the firebase.json emulators config.
 {"metadata":{"emulator":{"name":"firestore"},"message":"Multiple projectIds are not recommended in single project mode. Requested project ID cousins-party-2, but the emulator is configured for demo-cousins. To opt-out of single project mode add/set the '\"singleProjectMode\": false' property in the firebase.json emulators config.\n"}}
[debug] [2026-06-24T09:04:34.993Z] Multiple projectIds are not recommended in single project mode. Requested project ID cousins-party-2, but the emulator is configured for demo-cousins. To opt-out of single project mode add/set the '"singleProjectMode": false' property in the firebase.json emulators config.
 {"metadata":{"emulator":{"name":"firestore"},"message":"Multiple projectIds are not recommended in single project mode. Requested project ID cousins-party-2, but the emulator is configured for demo-cousins. To opt-out of single project mode add/set the '\"singleProjectMode\": false' property in the firebase.json emulators config.\n"}}
[debug] [2026-06-24T09:04:35.012Z] Jun 24, 2026 2:04:35 PM io.gapi.emulators.netty.HttpVersionRoutingHandler channelRead
INFO: Detected non-HTTP/2 connection.
 {"metadata":{"emulator":{"name":"firestore"},"message":"Jun 24, 2026 2:04:35 PM io.gapi.emulators.netty.HttpVersionRoutingHandler channelRead\nINFO: Detected non-HTTP/2 connection.\n"}}
[debug] [2026-06-24T09:04:50.696Z] Jun 24, 2026 2:04:50 PM io.gapi.emulators.netty.HttpVersionRoutingHandler channelRead
INFO: Detected non-HTTP/2 connection.
 {"metadata":{"emulator":{"name":"firestore"},"message":"Jun 24, 2026 2:04:50 PM io.gapi.emulators.netty.HttpVersionRoutingHandler channelRead\nINFO: Detected non-HTTP/2 connection.\n"}}
[debug] [2026-06-24T09:04:50.735Z] Multiple projectIds are not recommended in single project mode. Requested project ID cousins-party-2, but the emulator is configured for demo-cousins. To opt-out of single project mode add/set the '"singleProjectMode": false' property in the firebase.json emulators config.
 {"metadata":{"emulator":{"name":"firestore"},"message":"Multiple projectIds are not recommended in single project mode. Requested project ID cousins-party-2, but the emulator is configured for demo-cousins. To opt-out of single project mode add/set the '\"singleProjectMode\": false' property in the firebase.json emulators config.\n"}}
[debug] [2026-06-24T09:04:50.736Z] Multiple projectIds are not recommended in single project mode. Requested project ID cousins-party-2, but the emulator is configured for demo-cousins. To opt-out of single project mode add/set the '"singleProjectMode": false' property in the firebase.json emulators config.
 {"metadata":{"emulator":{"name":"firestore"},"message":"Multiple projectIds are not recommended in single project mode. Requested project ID cousins-party-2, but the emulator is configured for demo-cousins. To opt-out of single project mode add/set the '\"singleProjectMode\": false' property in the firebase.json emulators config.\n"}}
[debug] [2026-06-24T09:04:50.757Z] Jun 24, 2026 2:04:50 PM io.gapi.emulators.netty.HttpVersionRoutingHandler channelRead
INFO: Detected non-HTTP/2 connection.
 {"metadata":{"emulator":{"name":"firestore"},"message":"Jun 24, 2026 2:04:50 PM io.gapi.emulators.netty.HttpVersionRoutingHandler channelRead\nINFO: Detected non-HTTP/2 connection.\n"}}
[debug] [2026-06-24T09:04:50.773Z] Jun 24, 2026 2:04:50 PM io.gapi.emulators.netty.HttpVersionRoutingHandler channelRead
INFO: Detected non-HTTP/2 connection.
 {"metadata":{"emulator":{"name":"firestore"},"message":"Jun 24, 2026 2:04:50 PM io.gapi.emulators.netty.HttpVersionRoutingHandler channelRead\nINFO: Detected non-HTTP/2 connection.\n"}}
[debug] [2026-06-24T09:04:50.777Z] Multiple projectIds are not recommended in single project mode. Requested project ID cousins-party-2, but the emulator is configured for demo-cousins. To opt-out of single project mode add/set the '"singleProjectMode": false' property in the firebase.json emulators config.
Multiple projectIds are not recommended in single project mode. Requested project ID cousins-party-2, but the emulator is configured for demo-cousins. To opt-out of single project mode add/set the '"singleProjectMode": false' property in the firebase.json emulators config.
 {"metadata":{"emulator":{"name":"firestore"},"message":"Multiple projectIds are not recommended in single project mode. Requested project ID cousins-party-2, but the emulator is configured for demo-cousins. To opt-out of single project mode add/set the '\"singleProjectMode\": false' property in the firebase.json emulators config.\nMultiple projectIds are not recommended in single project mode. Requested project ID cousins-party-2, but the emulator is configured for demo-cousins. To opt-out of single project mode add/set the '\"singleProjectMode\": false' property in the firebase.json emulators config.\n"}}
[debug] [2026-06-24T09:04:50.780Z] Jun 24, 2026 2:04:50 PM io.gapi.emulators.netty.HttpVersionRoutingHandler channelRead
INFO: Detected non-HTTP/2 connection.
 {"metadata":{"emulator":{"name":"firestore"},"message":"Jun 24, 2026 2:04:50 PM io.gapi.emulators.netty.HttpVersionRoutingHandler channelRead\nINFO: Detected non-HTTP/2 connection.\n"}}
[debug] [2026-06-24T09:04:50.783Z] Jun 24, 2026 2:04:50 PM io.gapi.emulators.netty.HttpVersionRoutingHandler channelRead
INFO: Detected non-HTTP/2 connection.
 {"metadata":{"emulator":{"name":"firestore"},"message":"Jun 24, 2026 2:04:50 PM io.gapi.emulators.netty.HttpVersionRoutingHandler channelRead\nINFO: Detected non-HTTP/2 connection.\n"}}
[debug] [2026-06-24T09:05:12.229Z] Jun 24, 2026 2:05:12 PM io.gapi.emulators.netty.HttpVersionRoutingHandler channelRead
INFO: Detected non-HTTP/2 connection.
 {"metadata":{"emulator":{"name":"firestore"},"message":"Jun 24, 2026 2:05:12 PM io.gapi.emulators.netty.HttpVersionRoutingHandler channelRead\nINFO: Detected non-HTTP/2 connection.\n"}}
[debug] [2026-06-24T09:05:12.911Z] Jun 24, 2026 2:05:12 PM io.gapi.emulators.netty.HttpVersionRoutingHandler channelRead
INFO: Detected non-HTTP/2 connection.
 {"metadata":{"emulator":{"name":"firestore"},"message":"Jun 24, 2026 2:05:12 PM io.gapi.emulators.netty.HttpVersionRoutingHandler channelRead\nINFO: Detected non-HTTP/2 connection.\n"}}
[debug] [2026-06-24T09:05:12.915Z] Multiple projectIds are not recommended in single project mode. Requested project ID cousins-party-2, but the emulator is configured for demo-cousins. To opt-out of single project mode add/set the '"singleProjectMode": false' property in the firebase.json emulators config.
 {"metadata":{"emulator":{"name":"firestore"},"message":"Multiple projectIds are not recommended in single project mode. Requested project ID cousins-party-2, but the emulator is configured for demo-cousins. To opt-out of single project mode add/set the '\"singleProjectMode\": false' property in the firebase.json emulators config.\n"}}
[debug] [2026-06-24T09:05:12.915Z] Multiple projectIds are not recommended in single project mode. Requested project ID cousins-party-2, but the emulator is configured for demo-cousins. To opt-out of single project mode add/set the '"singleProjectMode": false' property in the firebase.json emulators config.
 {"metadata":{"emulator":{"name":"firestore"},"message":"Multiple projectIds are not recommended in single project mode. Requested project ID cousins-party-2, but the emulator is configured for demo-cousins. To opt-out of single project mode add/set the '\"singleProjectMode\": false' property in the firebase.json emulators config.\n"}}
[debug] [2026-06-24T09:05:12.923Z] Jun 24, 2026 2:05:12 PM io.gapi.emulators.netty.HttpVersionRoutingHandler channelRead
INFO: Detected non-HTTP/2 connection.
 {"metadata":{"emulator":{"name":"firestore"},"message":"Jun 24, 2026 2:05:12 PM io.gapi.emulators.netty.HttpVersionRoutingHandler channelRead\nINFO: Detected non-HTTP/2 connection.\n"}}
[debug] [2026-06-24T09:05:12.929Z] Jun 24, 2026 2:05:12 PM io.gapi.emulators.netty.HttpVersionRoutingHandler channelRead
INFO: Detected non-HTTP/2 connection.
 {"metadata":{"emulator":{"name":"firestore"},"message":"Jun 24, 2026 2:05:12 PM io.gapi.emulators.netty.HttpVersionRoutingHandler channelRead\nINFO: Detected non-HTTP/2 connection.\n"}}
[debug] [2026-06-24T09:05:12.930Z] Multiple projectIds are not recommended in single project mode. Requested project ID cousins-party-2, but the emulator is configured for demo-cousins. To opt-out of single project mode add/set the '"singleProjectMode": false' property in the firebase.json emulators config.
Multiple projectIds are not recommended in single project mode. Requested project ID cousins-party-2, but the emulator is configured for demo-cousins. To opt-out of single project mode add/set the '"singleProjectMode": false' property in the firebase.json emulators config.
 {"metadata":{"emulator":{"name":"firestore"},"message":"Multiple projectIds are not recommended in single project mode. Requested project ID cousins-party-2, but the emulator is configured for demo-cousins. To opt-out of single project mode add/set the '\"singleProjectMode\": false' property in the firebase.json emulators config.\nMultiple projectIds are not recommended in single project mode. Requested project ID cousins-party-2, but the emulator is configured for demo-cousins. To opt-out of single project mode add/set the '\"singleProjectMode\": false' property in the firebase.json emulators config.\n"}}
[debug] [2026-06-24T09:05:12.933Z] Jun 24, 2026 2:05:12 PM io.gapi.emulators.netty.HttpVersionRoutingHandler channelRead
INFO: Detected non-HTTP/2 connection.
 {"metadata":{"emulator":{"name":"firestore"},"message":"Jun 24, 2026 2:05:12 PM io.gapi.emulators.netty.HttpVersionRoutingHandler channelRead\nINFO: Detected non-HTTP/2 connection.\n"}}
[debug] [2026-06-24T09:05:12.936Z] Jun 24, 2026 2:05:12 PM io.gapi.emulators.netty.HttpVersionRoutingHandler channelRead
INFO: Detected non-HTTP/2 connection.
 {"metadata":{"emulator":{"name":"firestore"},"message":"Jun 24, 2026 2:05:12 PM io.gapi.emulators.netty.HttpVersionRoutingHandler channelRead\nINFO: Detected non-HTTP/2 connection.\n"}}
[debug] [2026-06-24T09:05:15.798Z] Jun 24, 2026 2:05:15 PM io.gapi.emulators.netty.HttpVersionRoutingHandler channelRead
INFO: Detected non-HTTP/2 connection.
 {"metadata":{"emulator":{"name":"firestore"},"message":"Jun 24, 2026 2:05:15 PM io.gapi.emulators.netty.HttpVersionRoutingHandler channelRead\nINFO: Detected non-HTTP/2 connection.\n"}}
[debug] [2026-06-24T09:05:15.806Z] Jun 24, 2026 2:05:15 PM io.gapi.emulators.netty.HttpVersionRoutingHandler channelRead
INFO: Detected non-HTTP/2 connection.
 {"metadata":{"emulator":{"name":"firestore"},"message":"Jun 24, 2026 2:05:15 PM io.gapi.emulators.netty.HttpVersionRoutingHandler channelRead\nINFO: Detected non-HTTP/2 connection.\n"}}
[debug] [2026-06-24T09:05:15.806Z] Jun 24, 2026 2:05:15 PM io.gapi.emulators.netty.HttpVersionRoutingHandler channelRead
INFO: Detected non-HTTP/2 connection.
 {"metadata":{"emulator":{"name":"firestore"},"message":"Jun 24, 2026 2:05:15 PM io.gapi.emulators.netty.HttpVersionRoutingHandler channelRead\nINFO: Detected non-HTTP/2 connection.\n"}}
[debug] [2026-06-24T09:05:16.864Z] Jun 24, 2026 2:05:16 PM io.gapi.emulators.netty.HttpVersionRoutingHandler channelRead
INFO: Detected non-HTTP/2 connection.
 {"metadata":{"emulator":{"name":"firestore"},"message":"Jun 24, 2026 2:05:16 PM io.gapi.emulators.netty.HttpVersionRoutingHandler channelRead\nINFO: Detected non-HTTP/2 connection.\n"}}
[debug] [2026-06-24T09:05:16.889Z] Jun 24, 2026 2:05:16 PM io.gapi.emulators.netty.HttpVersionRoutingHandler channelRead
INFO: Detected non-HTTP/2 connection.
Jun 24, 2026 2:05:16 PM io.gapi.emulators.netty.HttpVersionRoutingHandler channelRead
INFO: Detected non-HTTP/2 connection.
 {"metadata":{"emulator":{"name":"firestore"},"message":"Jun 24, 2026 2:05:16 PM io.gapi.emulators.netty.HttpVersionRoutingHandler channelRead\nINFO: Detected non-HTTP/2 connection.\nJun 24, 2026 2:05:16 PM io.gapi.emulators.netty.HttpVersionRoutingHandler channelRead\nINFO: Detected non-HTTP/2 connection.\n"}}
[debug] [2026-06-24T09:05:16.895Z] Multiple projectIds are not recommended in single project mode. Requested project ID cousins-party-2, but the emulator is configured for demo-cousins. To opt-out of single project mode add/set the '"singleProjectMode": false' property in the firebase.json emulators config.
 {"metadata":{"emulator":{"name":"firestore"},"message":"Multiple projectIds are not recommended in single project mode. Requested project ID cousins-party-2, but the emulator is configured for demo-cousins. To opt-out of single project mode add/set the '\"singleProjectMode\": false' property in the firebase.json emulators config.\n"}}
[debug] [2026-06-24T09:05:16.896Z] Multiple projectIds are not recommended in single project mode. Requested project ID cousins-party-2, but the emulator is configured for demo-cousins. To opt-out of single project mode add/set the '"singleProjectMode": false' property in the firebase.json emulators config.
 {"metadata":{"emulator":{"name":"firestore"},"message":"Multiple projectIds are not recommended in single project mode. Requested project ID cousins-party-2, but the emulator is configured for demo-cousins. To opt-out of single project mode add/set the '\"singleProjectMode\": false' property in the firebase.json emulators config.\n"}}
[debug] [2026-06-24T09:05:16.898Z] Jun 24, 2026 2:05:16 PM io.gapi.emulators.netty.HttpVersionRoutingHandler channelRead
INFO: Detected non-HTTP/2 connection.
 {"metadata":{"emulator":{"name":"firestore"},"message":"Jun 24, 2026 2:05:16 PM io.gapi.emulators.netty.HttpVersionRoutingHandler channelRead\nINFO: Detected non-HTTP/2 connection.\n"}}
[debug] [2026-06-24T09:05:16.903Z] Jun 24, 2026 2:05:16 PM io.gapi.emulators.netty.HttpVersionRoutingHandler channelRead
INFO: Detected non-HTTP/2 connection.
 {"metadata":{"emulator":{"name":"firestore"},"message":"Jun 24, 2026 2:05:16 PM io.gapi.emulators.netty.HttpVersionRoutingHandler channelRead\nINFO: Detected non-HTTP/2 connection.\n"}}
[debug] [2026-06-24T09:05:17.143Z] 14:05:17.133 [FirebaseWorkerPool-1-4] WARN com.firebase.core.persistence.backend.dummy.EmulatorMetadataPersistence - Multiple projectIds are not recommended in single project mode. Requested 
namespace fake-server, but the emulator is configured for cousins-party-2-default-rtdb. To 
opt-out of single project mode add/set the singleProjectMode: false property in 
the firebase.json emulators config. 
 {"metadata":{"emulator":{"name":"database"},"message":"14:05:17.133 [FirebaseWorkerPool-1-4] WARN com.firebase.core.persistence.backend.dummy.EmulatorMetadataPersistence - Multiple projectIds are not recommended in single project mode. Requested \nnamespace fake-server, but the emulator is configured for cousins-party-2-default-rtdb. To \nopt-out of single project mode add/set the singleProjectMode: false property in \nthe firebase.json emulators config. \n"}}
[debug] [2026-06-24T09:05:17.210Z] 14:05:17.209 [NamespaceSystem-akka.actor.default-dispatcher-257] INFO com.firebase.core.namespace.NamespaceActor - fake-server successfully activated FBKV (SurveyIdle(0)) wait: 28ms, init: 0ms
 {"metadata":{"emulator":{"name":"database"},"message":"14:05:17.209 [NamespaceSystem-akka.actor.default-dispatcher-257] INFO com.firebase.core.namespace.NamespaceActor - fake-server successfully activated FBKV (SurveyIdle(0)) wait: 28ms, init: 0ms\n"}}
[debug] [2026-06-24T09:05:17.308Z] Jun 24, 2026 2:05:17 PM io.gapi.emulators.netty.HttpVersionRoutingHandler channelRead
INFO: Detected non-HTTP/2 connection.
 {"metadata":{"emulator":{"name":"firestore"},"message":"Jun 24, 2026 2:05:17 PM io.gapi.emulators.netty.HttpVersionRoutingHandler channelRead\nINFO: Detected non-HTTP/2 connection.\n"}}
[debug] [2026-06-24T09:05:17.316Z] Jun 24, 2026 2:05:17 PM io.gapi.emulators.netty.HttpVersionRoutingHandler channelRead
INFO: Detected non-HTTP/2 connection.
 {"metadata":{"emulator":{"name":"firestore"},"message":"Jun 24, 2026 2:05:17 PM io.gapi.emulators.netty.HttpVersionRoutingHandler channelRead\nINFO: Detected non-HTTP/2 connection.\n"}}
[debug] [2026-06-24T09:05:21.099Z] Jun 24, 2026 2:05:21 PM io.gapi.emulators.netty.HttpVersionRoutingHandler channelRead
INFO: Detected non-HTTP/2 connection.
 {"metadata":{"emulator":{"name":"firestore"},"message":"Jun 24, 2026 2:05:21 PM io.gapi.emulators.netty.HttpVersionRoutingHandler channelRead\nINFO: Detected non-HTTP/2 connection.\n"}}
[debug] [2026-06-24T09:05:24.330Z] Jun 24, 2026 2:05:24 PM io.gapi.emulators.netty.HttpVersionRoutingHandler channelRead
INFO: Detected non-HTTP/2 connection.
 {"metadata":{"emulator":{"name":"firestore"},"message":"Jun 24, 2026 2:05:24 PM io.gapi.emulators.netty.HttpVersionRoutingHandler channelRead\nINFO: Detected non-HTTP/2 connection.\n"}}
[debug] [2026-06-24T09:05:27.006Z] Jun 24, 2026 2:05:27 PM io.gapi.emulators.netty.HttpVersionRoutingHandler channelRead
INFO: Detected non-HTTP/2 connection.
 {"metadata":{"emulator":{"name":"firestore"},"message":"Jun 24, 2026 2:05:27 PM io.gapi.emulators.netty.HttpVersionRoutingHandler channelRead\nINFO: Detected non-HTTP/2 connection.\n"}}
[debug] [2026-06-24T09:05:27.028Z] Multiple projectIds are not recommended in single project mode. Requested project ID cousins-party-2, but the emulator is configured for demo-cousins. To opt-out of single project mode add/set the '"singleProjectMode": false' property in the firebase.json emulators config.
Multiple projectIds are not recommended in single project mode. Requested project ID cousins-party-2, but the emulator is configured for demo-cousins. To opt-out of single project mode add/set the '"singleProjectMode": false' property in the firebase.json emulators config.
 {"metadata":{"emulator":{"name":"firestore"},"message":"Multiple projectIds are not recommended in single project mode. Requested project ID cousins-party-2, but the emulator is configured for demo-cousins. To opt-out of single project mode add/set the '\"singleProjectMode\": false' property in the firebase.json emulators config.\nMultiple projectIds are not recommended in single project mode. Requested project ID cousins-party-2, but the emulator is configured for demo-cousins. To opt-out of single project mode add/set the '\"singleProjectMode\": false' property in the firebase.json emulators config.\n"}}
[debug] [2026-06-24T09:05:27.084Z] Jun 24, 2026 2:05:27 PM io.gapi.emulators.netty.HttpVersionRoutingHandler channelRead
INFO: Detected non-HTTP/2 connection.
 {"metadata":{"emulator":{"name":"firestore"},"message":"Jun 24, 2026 2:05:27 PM io.gapi.emulators.netty.HttpVersionRoutingHandler channelRead\nINFO: Detected non-HTTP/2 connection.\n"}}
[debug] [2026-06-24T09:05:27.293Z] Jun 24, 2026 2:05:27 PM io.gapi.emulators.netty.HttpVersionRoutingHandler channelRead
INFO: Detected non-HTTP/2 connection.
 {"metadata":{"emulator":{"name":"firestore"},"message":"Jun 24, 2026 2:05:27 PM io.gapi.emulators.netty.HttpVersionRoutingHandler channelRead\nINFO: Detected non-HTTP/2 connection.\n"}}
[debug] [2026-06-24T09:05:27.309Z] Jun 24, 2026 2:05:27 PM io.gapi.emulators.netty.HttpVersionRoutingHandler channelRead
INFO: Detected non-HTTP/2 connection.
 {"metadata":{"emulator":{"name":"firestore"},"message":"Jun 24, 2026 2:05:27 PM io.gapi.emulators.netty.HttpVersionRoutingHandler channelRead\nINFO: Detected non-HTTP/2 connection.\n"}}
[debug] [2026-06-24T09:05:27.735Z] Jun 24, 2026 2:05:27 PM io.gapi.emulators.netty.HttpVersionRoutingHandler channelRead
INFO: Detected non-HTTP/2 connection.
 {"metadata":{"emulator":{"name":"firestore"},"message":"Jun 24, 2026 2:05:27 PM io.gapi.emulators.netty.HttpVersionRoutingHandler channelRead\nINFO: Detected non-HTTP/2 connection.\n"}}
[debug] [2026-06-24T09:05:32.320Z] Jun 24, 2026 2:05:32 PM io.gapi.emulators.netty.HttpVersionRoutingHandler channelRead
INFO: Detected non-HTTP/2 connection.
 {"metadata":{"emulator":{"name":"firestore"},"message":"Jun 24, 2026 2:05:32 PM io.gapi.emulators.netty.HttpVersionRoutingHandler channelRead\nINFO: Detected non-HTTP/2 connection.\n"}}
[debug] [2026-06-24T09:05:35.066Z] Jun 24, 2026 2:05:35 PM io.gapi.emulators.netty.HttpVersionRoutingHandler channelRead
INFO: Detected non-HTTP/2 connection.
 {"metadata":{"emulator":{"name":"firestore"},"message":"Jun 24, 2026 2:05:35 PM io.gapi.emulators.netty.HttpVersionRoutingHandler channelRead\nINFO: Detected non-HTTP/2 connection.\n"}}
[debug] [2026-06-24T09:05:39.152Z] Jun 24, 2026 2:05:39 PM io.gapi.emulators.netty.HttpVersionRoutingHandler channelRead
INFO: Detected non-HTTP/2 connection.
 {"metadata":{"emulator":{"name":"firestore"},"message":"Jun 24, 2026 2:05:39 PM io.gapi.emulators.netty.HttpVersionRoutingHandler channelRead\nINFO: Detected non-HTTP/2 connection.\n"}}
[debug] [2026-06-24T09:05:39.181Z] Jun 24, 2026 2:05:39 PM io.gapi.emulators.netty.HttpVersionRoutingHandler channelRead
INFO: Detected non-HTTP/2 connection.
 {"metadata":{"emulator":{"name":"firestore"},"message":"Jun 24, 2026 2:05:39 PM io.gapi.emulators.netty.HttpVersionRoutingHandler channelRead\nINFO: Detected non-HTTP/2 connection.\n"}}
[debug] [2026-06-24T09:05:41.384Z] Jun 24, 2026 2:05:41 PM io.gapi.emulators.netty.HttpVersionRoutingHandler channelRead
INFO: Detected non-HTTP/2 connection.
 {"metadata":{"emulator":{"name":"firestore"},"message":"Jun 24, 2026 2:05:41 PM io.gapi.emulators.netty.HttpVersionRoutingHandler channelRead\nINFO: Detected non-HTTP/2 connection.\n"}}
[debug] [2026-06-24T09:05:41.390Z] Jun 24, 2026 2:05:41 PM io.gapi.emulators.netty.HttpVersionRoutingHandler channelRead
INFO: Detected non-HTTP/2 connection.
 {"metadata":{"emulator":{"name":"firestore"},"message":"Jun 24, 2026 2:05:41 PM io.gapi.emulators.netty.HttpVersionRoutingHandler channelRead\nINFO: Detected non-HTTP/2 connection.\n"}}
[debug] [2026-06-24T09:05:48.903Z] Jun 24, 2026 2:05:48 PM io.gapi.emulators.netty.HttpVersionRoutingHandler channelRead
INFO: Detected non-HTTP/2 connection.
 {"metadata":{"emulator":{"name":"firestore"},"message":"Jun 24, 2026 2:05:48 PM io.gapi.emulators.netty.HttpVersionRoutingHandler channelRead\nINFO: Detected non-HTTP/2 connection.\n"}}
[debug] [2026-06-24T09:05:48.926Z] Jun 24, 2026 2:05:48 PM io.gapi.emulators.netty.HttpVersionRoutingHandler channelRead
INFO: Detected non-HTTP/2 connection.
 {"metadata":{"emulator":{"name":"firestore"},"message":"Jun 24, 2026 2:05:48 PM io.gapi.emulators.netty.HttpVersionRoutingHandler channelRead\nINFO: Detected non-HTTP/2 connection.\n"}}
[debug] [2026-06-24T09:05:50.827Z] Jun 24, 2026 2:05:50 PM io.gapi.emulators.netty.HttpVersionRoutingHandler channelRead
INFO: Detected non-HTTP/2 connection.
 {"metadata":{"emulator":{"name":"firestore"},"message":"Jun 24, 2026 2:05:50 PM io.gapi.emulators.netty.HttpVersionRoutingHandler channelRead\nINFO: Detected non-HTTP/2 connection.\n"}}
[debug] [2026-06-24T09:05:50.836Z] Jun 24, 2026 2:05:50 PM io.gapi.emulators.netty.HttpVersionRoutingHandler channelRead
INFO: Detected non-HTTP/2 connection.
 {"metadata":{"emulator":{"name":"firestore"},"message":"Jun 24, 2026 2:05:50 PM io.gapi.emulators.netty.HttpVersionRoutingHandler channelRead\nINFO: Detected non-HTTP/2 connection.\n"}}
[debug] [2026-06-24T09:05:50.838Z] Jun 24, 2026 2:05:50 PM com.google.cloud.datastore.emulator.firestore.webchannel.FirestoreV1WebChannelAdapter$FirestoreWriteHandler onClose
INFO: channel closed
 {"metadata":{"emulator":{"name":"firestore"},"message":"Jun 24, 2026 2:05:50 PM com.google.cloud.datastore.emulator.firestore.webchannel.FirestoreV1WebChannelAdapter$FirestoreWriteHandler onClose\nINFO: channel closed\n"}}
[debug] [2026-06-24T09:05:53.248Z] Jun 24, 2026 2:05:53 PM io.gapi.emulators.netty.HttpVersionRoutingHandler channelRead
INFO: Detected non-HTTP/2 connection.
 {"metadata":{"emulator":{"name":"firestore"},"message":"Jun 24, 2026 2:05:53 PM io.gapi.emulators.netty.HttpVersionRoutingHandler channelRead\nINFO: Detected non-HTTP/2 connection.\n"}}
[debug] [2026-06-24T09:05:55.468Z] Jun 24, 2026 2:05:55 PM io.gapi.emulators.netty.HttpVersionRoutingHandler channelRead
INFO: Detected non-HTTP/2 connection.
 {"metadata":{"emulator":{"name":"firestore"},"message":"Jun 24, 2026 2:05:55 PM io.gapi.emulators.netty.HttpVersionRoutingHandler channelRead\nINFO: Detected non-HTTP/2 connection.\n"}}
[debug] [2026-06-24T09:05:55.487Z] Multiple projectIds are not recommended in single project mode. Requested project ID cousins-party-2, but the emulator is configured for demo-cousins. To opt-out of single project mode add/set the '"singleProjectMode": false' property in the firebase.json emulators config.
 {"metadata":{"emulator":{"name":"firestore"},"message":"Multiple projectIds are not recommended in single project mode. Requested project ID cousins-party-2, but the emulator is configured for demo-cousins. To opt-out of single project mode add/set the '\"singleProjectMode\": false' property in the firebase.json emulators config.\n"}}
[debug] [2026-06-24T09:05:55.487Z] Multiple projectIds are not recommended in single project mode. Requested project ID cousins-party-2, but the emulator is configured for demo-cousins. To opt-out of single project mode add/set the '"singleProjectMode": false' property in the firebase.json emulators config.
 {"metadata":{"emulator":{"name":"firestore"},"message":"Multiple projectIds are not recommended in single project mode. Requested project ID cousins-party-2, but the emulator is configured for demo-cousins. To opt-out of single project mode add/set the '\"singleProjectMode\": false' property in the firebase.json emulators config.\n"}}
[debug] [2026-06-24T09:05:55.527Z] Jun 24, 2026 2:05:55 PM io.gapi.emulators.netty.HttpVersionRoutingHandler channelRead
INFO: Detected non-HTTP/2 connection.
 {"metadata":{"emulator":{"name":"firestore"},"message":"Jun 24, 2026 2:05:55 PM io.gapi.emulators.netty.HttpVersionRoutingHandler channelRead\nINFO: Detected non-HTTP/2 connection.\n"}}
[debug] [2026-06-24T09:05:55.822Z] Jun 24, 2026 2:05:55 PM io.gapi.emulators.netty.HttpVersionRoutingHandler channelRead
INFO: Detected non-HTTP/2 connection.
 {"metadata":{"emulator":{"name":"firestore"},"message":"Jun 24, 2026 2:05:55 PM io.gapi.emulators.netty.HttpVersionRoutingHandler channelRead\nINFO: Detected non-HTTP/2 connection.\n"}}
[debug] [2026-06-24T09:05:55.835Z] Jun 24, 2026 2:05:55 PM io.gapi.emulators.netty.HttpVersionRoutingHandler channelRead
INFO: Detected non-HTTP/2 connection.
 {"metadata":{"emulator":{"name":"firestore"},"message":"Jun 24, 2026 2:05:55 PM io.gapi.emulators.netty.HttpVersionRoutingHandler channelRead\nINFO: Detected non-HTTP/2 connection.\n"}}
[debug] [2026-06-24T09:05:56.369Z] Jun 24, 2026 2:05:56 PM io.gapi.emulators.netty.HttpVersionRoutingHandler channelRead
INFO: Detected non-HTTP/2 connection.
 {"metadata":{"emulator":{"name":"firestore"},"message":"Jun 24, 2026 2:05:56 PM io.gapi.emulators.netty.HttpVersionRoutingHandler channelRead\nINFO: Detected non-HTTP/2 connection.\n"}}
[debug] [2026-06-24T09:06:00.105Z] Jun 24, 2026 2:06:00 PM io.gapi.emulators.netty.HttpVersionRoutingHandler channelRead
INFO: Detected non-HTTP/2 connection.
 {"metadata":{"emulator":{"name":"firestore"},"message":"Jun 24, 2026 2:06:00 PM io.gapi.emulators.netty.HttpVersionRoutingHandler channelRead\nINFO: Detected non-HTTP/2 connection.\n"}}
[debug] [2026-06-24T09:06:01.052Z] Jun 24, 2026 2:06:01 PM io.gapi.emulators.netty.HttpVersionRoutingHandler channelRead
INFO: Detected non-HTTP/2 connection.
 {"metadata":{"emulator":{"name":"firestore"},"message":"Jun 24, 2026 2:06:01 PM io.gapi.emulators.netty.HttpVersionRoutingHandler channelRead\nINFO: Detected non-HTTP/2 connection.\n"}}
[debug] [2026-06-24T09:06:01.077Z] Multiple projectIds are not recommended in single project mode. Requested project ID cousins-party-2, but the emulator is configured for demo-cousins. To opt-out of single project mode add/set the '"singleProjectMode": false' property in the firebase.json emulators config.
 {"metadata":{"emulator":{"name":"firestore"},"message":"Multiple projectIds are not recommended in single project mode. Requested project ID cousins-party-2, but the emulator is configured for demo-cousins. To opt-out of single project mode add/set the '\"singleProjectMode\": false' property in the firebase.json emulators config.\n"}}
[debug] [2026-06-24T09:06:01.079Z] Multiple projectIds are not recommended in single project mode. Requested project ID cousins-party-2, but the emulator is configured for demo-cousins. To opt-out of single project mode add/set the '"singleProjectMode": false' property in the firebase.json emulators config.
 {"metadata":{"emulator":{"name":"firestore"},"message":"Multiple projectIds are not recommended in single project mode. Requested project ID cousins-party-2, but the emulator is configured for demo-cousins. To opt-out of single project mode add/set the '\"singleProjectMode\": false' property in the firebase.json emulators config.\n"}}
[debug] [2026-06-24T09:06:01.185Z] Jun 24, 2026 2:06:01 PM io.gapi.emulators.netty.HttpVersionRoutingHandler channelRead
INFO: Detected non-HTTP/2 connection.
 {"metadata":{"emulator":{"name":"firestore"},"message":"Jun 24, 2026 2:06:01 PM io.gapi.emulators.netty.HttpVersionRoutingHandler channelRead\nINFO: Detected non-HTTP/2 connection.\n"}}
[debug] [2026-06-24T09:06:01.314Z] Jun 24, 2026 2:06:01 PM io.gapi.emulators.netty.HttpVersionRoutingHandler channelRead
INFO: Detected non-HTTP/2 connection.
 {"metadata":{"emulator":{"name":"firestore"},"message":"Jun 24, 2026 2:06:01 PM io.gapi.emulators.netty.HttpVersionRoutingHandler channelRead\nINFO: Detected non-HTTP/2 connection.\n"}}
[debug] [2026-06-24T09:06:01.323Z] Jun 24, 2026 2:06:01 PM io.gapi.emulators.netty.HttpVersionRoutingHandler channelRead
INFO: Detected non-HTTP/2 connection.
 {"metadata":{"emulator":{"name":"firestore"},"message":"Jun 24, 2026 2:06:01 PM io.gapi.emulators.netty.HttpVersionRoutingHandler channelRead\nINFO: Detected non-HTTP/2 connection.\n"}}
[debug] [2026-06-24T09:06:01.744Z] Jun 24, 2026 2:06:01 PM io.gapi.emulators.netty.HttpVersionRoutingHandler channelRead
INFO: Detected non-HTTP/2 connection.
 {"metadata":{"emulator":{"name":"firestore"},"message":"Jun 24, 2026 2:06:01 PM io.gapi.emulators.netty.HttpVersionRoutingHandler channelRead\nINFO: Detected non-HTTP/2 connection.\n"}}
[debug] [2026-06-24T09:06:13.208Z] Jun 24, 2026 2:06:13 PM io.gapi.emulators.netty.HttpVersionRoutingHandler channelRead
INFO: Detected non-HTTP/2 connection.
 {"metadata":{"emulator":{"name":"firestore"},"message":"Jun 24, 2026 2:06:13 PM io.gapi.emulators.netty.HttpVersionRoutingHandler channelRead\nINFO: Detected non-HTTP/2 connection.\n"}}
[debug] [2026-06-24T09:06:13.221Z] Jun 24, 2026 2:06:13 PM com.google.cloud.datastore.emulator.firestore.webchannel.FirestoreV1WebChannelAdapter$FirestoreWriteHandler onClose
INFO: channel closed
 {"metadata":{"emulator":{"name":"firestore"},"message":"Jun 24, 2026 2:06:13 PM com.google.cloud.datastore.emulator.firestore.webchannel.FirestoreV1WebChannelAdapter$FirestoreWriteHandler onClose\nINFO: channel closed\n"}}
[debug] [2026-06-24T09:06:13.277Z] Jun 24, 2026 2:06:13 PM io.gapi.emulators.netty.HttpVersionRoutingHandler channelRead
INFO: Detected non-HTTP/2 connection.
 {"metadata":{"emulator":{"name":"firestore"},"message":"Jun 24, 2026 2:06:13 PM io.gapi.emulators.netty.HttpVersionRoutingHandler channelRead\nINFO: Detected non-HTTP/2 connection.\n"}}
[debug] [2026-06-24T09:06:18.528Z] Jun 24, 2026 2:06:18 PM io.gapi.emulators.netty.HttpVersionRoutingHandler channelRead
INFO: Detected non-HTTP/2 connection.
 {"metadata":{"emulator":{"name":"firestore"},"message":"Jun 24, 2026 2:06:18 PM io.gapi.emulators.netty.HttpVersionRoutingHandler channelRead\nINFO: Detected non-HTTP/2 connection.\n"}}
[debug] [2026-06-24T09:06:18.988Z] Jun 24, 2026 2:06:18 PM io.gapi.emulators.netty.HttpVersionRoutingHandler channelRead
INFO: Detected non-HTTP/2 connection.
 {"metadata":{"emulator":{"name":"firestore"},"message":"Jun 24, 2026 2:06:18 PM io.gapi.emulators.netty.HttpVersionRoutingHandler channelRead\nINFO: Detected non-HTTP/2 connection.\n"}}
[debug] [2026-06-24T09:06:21.155Z] Jun 24, 2026 2:06:21 PM io.gapi.emulators.netty.HttpVersionRoutingHandler channelRead
INFO: Detected non-HTTP/2 connection.
 {"metadata":{"emulator":{"name":"firestore"},"message":"Jun 24, 2026 2:06:21 PM io.gapi.emulators.netty.HttpVersionRoutingHandler channelRead\nINFO: Detected non-HTTP/2 connection.\n"}}
[debug] [2026-06-24T09:06:35.195Z] Jun 24, 2026 2:06:35 PM io.gapi.emulators.netty.HttpVersionRoutingHandler channelRead
INFO: Detected non-HTTP/2 connection.
 {"metadata":{"emulator":{"name":"firestore"},"message":"Jun 24, 2026 2:06:35 PM io.gapi.emulators.netty.HttpVersionRoutingHandler channelRead\nINFO: Detected non-HTTP/2 connection.\n"}}
[debug] [2026-06-24T09:06:39.573Z] Jun 24, 2026 2:06:39 PM io.gapi.emulators.netty.HttpVersionRoutingHandler channelRead
INFO: Detected non-HTTP/2 connection.
 {"metadata":{"emulator":{"name":"firestore"},"message":"Jun 24, 2026 2:06:39 PM io.gapi.emulators.netty.HttpVersionRoutingHandler channelRead\nINFO: Detected non-HTTP/2 connection.\n"}}
[debug] [2026-06-24T09:06:39.611Z] Jun 24, 2026 2:06:39 PM com.google.cloud.datastore.emulator.firestore.webchannel.FirestoreV1WebChannelAdapter$FirestoreWriteHandler onClose
INFO: channel closed
 {"metadata":{"emulator":{"name":"firestore"},"message":"Jun 24, 2026 2:06:39 PM com.google.cloud.datastore.emulator.firestore.webchannel.FirestoreV1WebChannelAdapter$FirestoreWriteHandler onClose\nINFO: channel closed\n"}}
[debug] [2026-06-24T09:06:39.630Z] Jun 24, 2026 2:06:39 PM io.gapi.emulators.netty.HttpVersionRoutingHandler channelRead
INFO: Detected non-HTTP/2 connection.
 {"metadata":{"emulator":{"name":"firestore"},"message":"Jun 24, 2026 2:06:39 PM io.gapi.emulators.netty.HttpVersionRoutingHandler channelRead\nINFO: Detected non-HTTP/2 connection.\n"}}
[debug] [2026-06-24T09:06:50.886Z] Jun 24, 2026 2:06:50 PM io.gapi.emulators.netty.HttpVersionRoutingHandler channelRead
INFO: Detected non-HTTP/2 connection.
 {"metadata":{"emulator":{"name":"firestore"},"message":"Jun 24, 2026 2:06:50 PM io.gapi.emulators.netty.HttpVersionRoutingHandler channelRead\nINFO: Detected non-HTTP/2 connection.\n"}}
[debug] [2026-06-24T09:07:01.790Z] Jun 24, 2026 2:07:01 PM io.gapi.emulators.netty.HttpVersionRoutingHandler channelRead
INFO: Detected non-HTTP/2 connection.
 {"metadata":{"emulator":{"name":"firestore"},"message":"Jun 24, 2026 2:07:01 PM io.gapi.emulators.netty.HttpVersionRoutingHandler channelRead\nINFO: Detected non-HTTP/2 connection.\n"}}
[debug] [2026-06-24T09:07:13.305Z] Jun 24, 2026 2:07:13 PM io.gapi.emulators.netty.HttpVersionRoutingHandler channelRead
INFO: Detected non-HTTP/2 connection.
 {"metadata":{"emulator":{"name":"firestore"},"message":"Jun 24, 2026 2:07:13 PM io.gapi.emulators.netty.HttpVersionRoutingHandler channelRead\nINFO: Detected non-HTTP/2 connection.\n"}}
[debug] [2026-06-24T09:07:19.036Z] Jun 24, 2026 2:07:19 PM io.gapi.emulators.netty.HttpVersionRoutingHandler channelRead
INFO: Detected non-HTTP/2 connection.
 {"metadata":{"emulator":{"name":"firestore"},"message":"Jun 24, 2026 2:07:19 PM io.gapi.emulators.netty.HttpVersionRoutingHandler channelRead\nINFO: Detected non-HTTP/2 connection.\n"}}
[debug] [2026-06-24T09:07:35.402Z] Jun 24, 2026 2:07:35 PM io.gapi.emulators.netty.HttpVersionRoutingHandler channelRead
INFO: Detected non-HTTP/2 connection.
 {"metadata":{"emulator":{"name":"firestore"},"message":"Jun 24, 2026 2:07:35 PM io.gapi.emulators.netty.HttpVersionRoutingHandler channelRead\nINFO: Detected non-HTTP/2 connection.\n"}}
[debug] [2026-06-24T09:07:37.289Z] Jun 24, 2026 2:07:37 PM io.gapi.emulators.netty.HttpVersionRoutingHandler channelRead
INFO: Detected non-HTTP/2 connection.
 {"metadata":{"emulator":{"name":"firestore"},"message":"Jun 24, 2026 2:07:37 PM io.gapi.emulators.netty.HttpVersionRoutingHandler channelRead\nINFO: Detected non-HTTP/2 connection.\n"}}
[debug] [2026-06-24T09:07:48.389Z] Jun 24, 2026 2:07:48 PM io.gapi.emulators.netty.HttpVersionRoutingHandler channelRead
INFO: Detected non-HTTP/2 connection.
 {"metadata":{"emulator":{"name":"firestore"},"message":"Jun 24, 2026 2:07:48 PM io.gapi.emulators.netty.HttpVersionRoutingHandler channelRead\nINFO: Detected non-HTTP/2 connection.\n"}}
[debug] [2026-06-24T09:07:53.774Z] Jun 24, 2026 2:07:53 PM io.gapi.emulators.netty.HttpVersionRoutingHandler channelRead
INFO: Detected non-HTTP/2 connection.
 {"metadata":{"emulator":{"name":"firestore"},"message":"Jun 24, 2026 2:07:53 PM io.gapi.emulators.netty.HttpVersionRoutingHandler channelRead\nINFO: Detected non-HTTP/2 connection.\n"}}
[debug] [2026-06-24T09:08:13.390Z] Jun 24, 2026 2:08:13 PM io.gapi.emulators.netty.HttpVersionRoutingHandler channelRead
INFO: Detected non-HTTP/2 connection.
 {"metadata":{"emulator":{"name":"firestore"},"message":"Jun 24, 2026 2:08:13 PM io.gapi.emulators.netty.HttpVersionRoutingHandler channelRead\nINFO: Detected non-HTTP/2 connection.\n"}}
[debug] [2026-06-24T09:08:19.075Z] Jun 24, 2026 2:08:19 PM io.gapi.emulators.netty.HttpVersionRoutingHandler channelRead
INFO: Detected non-HTTP/2 connection.
 {"metadata":{"emulator":{"name":"firestore"},"message":"Jun 24, 2026 2:08:19 PM io.gapi.emulators.netty.HttpVersionRoutingHandler channelRead\nINFO: Detected non-HTTP/2 connection.\n"}}
[debug] [2026-06-24T09:08:21.603Z] Jun 24, 2026 2:08:21 PM io.gapi.emulators.netty.HttpVersionRoutingHandler channelRead
INFO: Detected non-HTTP/2 connection.
 {"metadata":{"emulator":{"name":"firestore"},"message":"Jun 24, 2026 2:08:21 PM io.gapi.emulators.netty.HttpVersionRoutingHandler channelRead\nINFO: Detected non-HTTP/2 connection.\n"}}
[debug] [2026-06-24T09:08:37.694Z] Jun 24, 2026 2:08:37 PM io.gapi.emulators.netty.HttpVersionRoutingHandler channelRead
INFO: Detected non-HTTP/2 connection.
 {"metadata":{"emulator":{"name":"firestore"},"message":"Jun 24, 2026 2:08:37 PM io.gapi.emulators.netty.HttpVersionRoutingHandler channelRead\nINFO: Detected non-HTTP/2 connection.\n"}}
[debug] [2026-06-24T09:08:49.404Z] Jun 24, 2026 2:08:49 PM io.gapi.emulators.netty.HttpVersionRoutingHandler channelRead
INFO: Detected non-HTTP/2 connection.
 {"metadata":{"emulator":{"name":"firestore"},"message":"Jun 24, 2026 2:08:49 PM io.gapi.emulators.netty.HttpVersionRoutingHandler channelRead\nINFO: Detected non-HTTP/2 connection.\n"}}
[debug] [2026-06-24T09:08:54.593Z] Jun 24, 2026 2:08:54 PM io.gapi.emulators.netty.HttpVersionRoutingHandler channelRead
INFO: Detected non-HTTP/2 connection.
 {"metadata":{"emulator":{"name":"firestore"},"message":"Jun 24, 2026 2:08:54 PM io.gapi.emulators.netty.HttpVersionRoutingHandler channelRead\nINFO: Detected non-HTTP/2 connection.\n"}}
[debug] [2026-06-24T09:09:14.207Z] Jun 24, 2026 2:09:14 PM io.gapi.emulators.netty.HttpVersionRoutingHandler channelRead
INFO: Detected non-HTTP/2 connection.
 {"metadata":{"emulator":{"name":"firestore"},"message":"Jun 24, 2026 2:09:14 PM io.gapi.emulators.netty.HttpVersionRoutingHandler channelRead\nINFO: Detected non-HTTP/2 connection.\n"}}
[debug] [2026-06-24T09:09:19.137Z] Jun 24, 2026 2:09:19 PM io.gapi.emulators.netty.HttpVersionRoutingHandler channelRead
INFO: Detected non-HTTP/2 connection.
 {"metadata":{"emulator":{"name":"firestore"},"message":"Jun 24, 2026 2:09:19 PM io.gapi.emulators.netty.HttpVersionRoutingHandler channelRead\nINFO: Detected non-HTTP/2 connection.\n"}}
[debug] [2026-06-24T09:09:22.187Z] Jun 24, 2026 2:09:22 PM io.gapi.emulators.netty.HttpVersionRoutingHandler channelRead
INFO: Detected non-HTTP/2 connection.
 {"metadata":{"emulator":{"name":"firestore"},"message":"Jun 24, 2026 2:09:22 PM io.gapi.emulators.netty.HttpVersionRoutingHandler channelRead\nINFO: Detected non-HTTP/2 connection.\n"}}
[debug] [2026-06-24T09:09:39.400Z] Jun 24, 2026 2:09:39 PM io.gapi.emulators.netty.HttpVersionRoutingHandler channelRead
INFO: Detected non-HTTP/2 connection.
 {"metadata":{"emulator":{"name":"firestore"},"message":"Jun 24, 2026 2:09:39 PM io.gapi.emulators.netty.HttpVersionRoutingHandler channelRead\nINFO: Detected non-HTTP/2 connection.\n"}}
